	ptn1	ptn2	ptn1_n_elements	ptn1_n_subsets	ptn1_vi_entropy	ptn1_constrained_probability	ptn1_unconstrained_probability	ptn1_support	ptn2_n_elements	ptn2_n_subsets	ptn2_vi_entropy	ptn2_constrained_probability	ptn2_unconstrained_probability	ptn2_support	vi_distance	vi_normalized_kraskov
0	1	1	59	11	3.1387393983121683	0.04722227404793	0.0001066821051254	0.0001066821051254	59	11	3.1387393983121683	0.04722227404793	0.0001066821051254	0.0001066821051254	1.7763568394002505e-15	5.551115123125784e-16
1	1	2	59	11	3.1387393983121683	0.04722227404793	0.0001066821051254	0.0001066821051254	59	10	3.0363352630585	0.0440805751790815	9.958454246556368e-05	9.958454246556368e-05	0.1024041352536686	0.0326258800933698
2	1	3	59	11	3.1387393983121683	0.04722227404793	0.0001066821051254	0.0001066821051254	59	10	2.989368059459508	0.0293524171581488	6.631145399254567e-05	6.631145399254567e-05	0.1493713388526609	0.0475895956615526
3	1	4	59	11	3.1387393983121683	0.04722227404793	0.0001066821051254	0.0001066821051254	59	9	2.8869639242058405	0.0273990181883945	6.189843665179177e-05	6.189843665179177e-05	0.2517754741063287	0.0802154757549221
4	1	5	59	11	3.1387393983121683	0.04722227404793	0.0001066821051254	0.0001066821051254	59	12	3.286146704942567	0.0219864290573953	4.967059683856657e-05	4.967059683856657e-05	0.1474073066304004	0.0448571898536029
5	1	6	59	11	3.1387393983121683	0.04722227404793	0.0001066821051254	0.0001066821051254	59	11	3.1837425696888983	0.0205245546169348	4.636800614631885e-05	4.636800614631885e-05	0.2498114418840673	0.0760195646494831
6	1	7	59	11	3.1387393983121683	0.04722227404793	0.0001066821051254	0.0001066821051254	59	12	3.172637703396914	0.0170133490812956	3.843567324574646e-05	3.843567324574646e-05	0.0338983050847474	0.010684581176241
7	1	8	59	11	3.1387393983121683	0.04722227404793	0.0001066821051254	0.0001066821051254	59	10	3.0564554496295693	0.0156684215318895	3.5397282886436986e-05	3.5397282886436986e-05	0.0822839486825994	0.0262156038589399
8	1	9	59	11	3.1387393983121683	0.04722227404793	0.0001066821051254	0.0001066821051254	59	9	2.954051314375901	0.014625532461144	3.304124214670978e-05	3.304124214670978e-05	0.1846880839362681	0.0588414839523098
9	1	10	59	11	3.1387393983121683	0.04722227404793	0.0001066821051254	0.0001066821051254	59	11	3.136775366089907	0.0136664203198213	3.087446588803434e-05	3.087446588803434e-05	0.2967786454830596	0.0903120499875085
10	1	11	59	11	3.1387393983121683	0.04722227404793	0.0001066821051254	0.0001066821051254	59	10	3.034371230836239	0.0127574689748346	2.882101029118212e-05	2.882101029118212e-05	0.3991827807367274	0.1214744247833889
11	1	12	59	11	3.1387393983121683	0.04722227404793	0.0001066821051254	0.0001066821051254	59	10	3.0564554496295697	0.0122323553930336	2.763470100248385e-05	2.763470100248385e-05	0.0822839486826003	0.0262156038589402
12	1	13	59	11	3.1387393983121683	0.04722227404793	0.0001066821051254	0.0001066821051254	59	9	2.954051314375901	0.0114179903906885	2.5794929950744165e-05	2.5794929950744165e-05	0.1846880839362681	0.0588414839523098
13	1	14	59	11	3.1387393983121683	0.04722227404793	0.0001066821051254	0.0001066821051254	59	11	3.023266364544254	0.0105751777425444	2.3890891457402325e-05	2.3890891457402325e-05	0.1832696439374066	0.0577657019398027
14	1	15	59	11	3.1387393983121683	0.04722227404793	0.0001066821051254	0.0001066821051254	59	12	3.1854324068234128	0.0079258672144569	1.7905706923921133e-05	1.7905706923921133e-05	0.0466930085112462	0.0146582951850513
15	1	16	59	11	3.1387393983121683	0.04722227404793	0.0001066821051254	0.0001066821051254	59	13	3.3200450100273127	0.007921288195333	1.7895362242107394e-05	1.7895362242107394e-05	0.1813056117151461	0.0546093836582217
16	1	17	59	11	3.1387393983121683	0.04722227404793	0.0001066821051254	0.0001066821051254	59	11	3.083028271569745	0.0073985635728966	1.6714449966137033e-05	1.6714449966137033e-05	0.149097143764914	0.0468059354973402
17	1	18	59	11	3.1387393983121683	0.04722227404793	0.0001066821051254	0.0001066821051254	59	11	3.203862756259968	0.0072952087928484	1.648095622335087e-05	1.648095622335087e-05	0.2296912553129981	0.069896835393115
18	1	19	59	11	3.1387393983121683	0.04722227404793	0.0001066821051254	0.0001066821051254	59	11	3.10653372831403	0.0068480476035234	1.547075292481454e-05	1.547075292481454e-05	0.1000022801676303	0.0315202331676758
19	1	20	59	11	3.1387393983121683	0.04722227404793	0.0001066821051254	0.0001066821051254	59	11	3.10653372831403	0.0068480476035234	1.547075292481454e-05	1.547075292481454e-05	0.1000022801676303	0.0315202331676758
20	2	1	59	10	3.0363352630585	0.0440805751790815	9.958454246556368e-05	9.958454246556368e-05	59	11	3.1387393983121683	0.04722227404793	0.0001066821051254	0.0001066821051254	0.1024041352536686	0.0326258800933698
21	2	2	59	10	3.0363352630585	0.0440805751790815	9.958454246556368e-05	9.958454246556368e-05	59	10	3.0363352630585	0.0440805751790815	9.958454246556368e-05	9.958454246556368e-05	0.0	0.0
22	2	3	59	10	3.0363352630585	0.0440805751790815	9.958454246556368e-05	9.958454246556368e-05	59	10	2.989368059459508	0.0293524171581488	6.631145399254567e-05	6.631145399254567e-05	0.2517754741063278	0.0802154757549219
23	2	4	59	10	3.0363352630585	0.0440805751790815	9.958454246556368e-05	9.958454246556368e-05	59	9	2.8869639242058405	0.0273990181883945	6.189843665179177e-05	6.189843665179177e-05	0.14937133885266	0.0491946132134955
24	2	5	59	10	3.0363352630585	0.0440805751790815	9.958454246556368e-05	9.958454246556368e-05	59	12	3.286146704942567	0.0219864290573953	4.967059683856657e-05	4.967059683856657e-05	0.2498114418840673	0.0760195646494831
25	2	6	59	10	3.0363352630585	0.0440805751790815	9.958454246556368e-05	9.958454246556368e-05	59	11	3.1837425696888983	0.0205245546169348	4.636800614631885e-05	4.636800614631885e-05	0.1474073066303987	0.0463000080577503
26	2	7	59	10	3.0363352630585	0.0440805751790815	9.958454246556368e-05	9.958454246556368e-05	59	12	3.172637703396914	0.0170133490812956	3.843567324574646e-05	3.843567324574646e-05	0.1363024403384143	0.0429618674053065
27	2	8	59	10	3.0363352630585	0.0440805751790815	9.958454246556368e-05	9.958454246556368e-05	59	10	3.0564554496295693	0.0156684215318895	3.5397282886436986e-05	3.5397282886436986e-05	0.1846880839362681	0.0588414839523098
28	2	9	59	10	3.0363352630585	0.0440805751790815	9.958454246556368e-05	9.958454246556368e-05	59	9	2.954051314375901	0.014625532461144	3.304124214670978e-05	3.304124214670978e-05	0.0822839486826003	0.0270997572908716
29	2	10	59	10	3.0363352630585	0.0440805751790815	9.958454246556368e-05	9.958454246556368e-05	59	11	3.136775366089907	0.0136664203198213	3.087446588803434e-05	3.087446588803434e-05	0.3991827807367265	0.1214744247833887
30	2	11	59	10	3.0363352630585	0.0440805751790815	9.958454246556368e-05	9.958454246556368e-05	59	10	3.034371230836239	0.0127574689748346	2.882101029118212e-05	2.882101029118212e-05	0.2967786454830587	0.0932169102830631
31	2	12	59	10	3.0363352630585	0.0440805751790815	9.958454246556368e-05	9.958454246556368e-05	59	10	3.0564554496295697	0.0122323553930336	2.763470100248385e-05	2.763470100248385e-05	0.1846880839362681	0.0588414839523098
32	2	13	59	10	3.0363352630585	0.0440805751790815	9.958454246556368e-05	9.958454246556368e-05	59	9	2.954051314375901	0.0114179903906885	2.5794929950744165e-05	2.5794929950744165e-05	0.0822839486825994	0.0270997572908714
33	2	14	59	10	3.0363352630585	0.0440805751790815	9.958454246556368e-05	9.958454246556368e-05	59	11	3.023266364544254	0.0105751777425444	2.3890891457402325e-05	2.3890891457402325e-05	0.2856737791910735	0.0900429881688682
34	2	15	59	10	3.0363352630585	0.0440805751790815	9.958454246556368e-05	9.958454246556368e-05	59	12	3.1854324068234128	0.0079258672144569	1.7905706923921133e-05	1.7905706923921133e-05	0.1490971437649131	0.04680593549734
35	2	16	59	10	3.0363352630585	0.0440805751790815	9.958454246556368e-05	9.958454246556368e-05	59	13	3.3200450100273127	0.007921288195333	1.7895362242107394e-05	1.7895362242107394e-05	0.283709746968813	0.0854535845483851
36	2	17	59	10	3.0363352630585	0.0440805751790815	9.958454246556368e-05	9.958454246556368e-05	59	11	3.083028271569745	0.0073985635728966	1.6714449966137033e-05	1.6714449966137033e-05	0.0466930085112453	0.0151451768839834
37	2	18	59	10	3.0363352630585	0.0440805751790815	9.958454246556368e-05	9.958454246556368e-05	59	11	3.203862756259968	0.0072952087928484	1.648095622335087e-05	1.648095622335087e-05	0.3320953905666668	0.1010592101889957
38	2	19	59	10	3.0363352630585	0.0440805751790815	9.958454246556368e-05	9.958454246556368e-05	59	11	3.10653372831403	0.0068480476035234	1.547075292481454e-05	1.547075292481454e-05	0.0701984652555305	0.0225970394641839
39	2	20	59	10	3.0363352630585	0.0440805751790815	9.958454246556368e-05	9.958454246556368e-05	59	11	3.10653372831403	0.0068480476035234	1.547075292481454e-05	1.547075292481454e-05	0.0701984652555305	0.0225970394641839
40	3	1	59	10	2.989368059459508	0.0293524171581488	6.631145399254567e-05	6.631145399254567e-05	59	11	3.1387393983121683	0.04722227404793	0.0001066821051254	0.0001066821051254	0.1493713388526609	0.0475895956615526
41	3	2	59	10	2.989368059459508	0.0293524171581488	6.631145399254567e-05	6.631145399254567e-05	59	10	3.0363352630585	0.0440805751790815	9.958454246556368e-05	9.958454246556368e-05	0.2517754741063278	0.0802154757549219
42	3	3	59	10	2.989368059459508	0.0293524171581488	6.631145399254567e-05	6.631145399254567e-05	59	10	2.989368059459508	0.0293524171581488	6.631145399254567e-05	6.631145399254567e-05	8.881784197001252e-16	3.3306690738754696e-16
43	3	4	59	10	2.989368059459508	0.0293524171581488	6.631145399254567e-05	6.631145399254567e-05	59	9	2.8869639242058405	0.0273990181883945	6.189843665179177e-05	6.189843665179177e-05	0.1024041352536686	0.0342561147429212
44	3	5	59	10	2.989368059459508	0.0293524171581488	6.631145399254567e-05	6.631145399254567e-05	59	12	3.286146704942567	0.0219864290573953	4.967059683856657e-05	4.967059683856657e-05	0.2967786454830596	0.0903120499875085
45	3	6	59	10	2.989368059459508	0.0293524171581488	6.631145399254567e-05	6.631145399254567e-05	59	11	3.1837425696888983	0.0205245546169348	4.636800614631885e-05	4.636800614631885e-05	0.3991827807367265	0.1214744247833887
46	3	7	59	10	2.989368059459508	0.0293524171581488	6.631145399254567e-05	6.631145399254567e-05	59	12	3.172637703396914	0.0170133490812956	3.843567324574646e-05	3.843567324574646e-05	0.1832696439374066	0.0577657019398027
47	3	8	59	10	2.989368059459508	0.0293524171581488	6.631145399254567e-05	6.631145399254567e-05	59	10	3.0564554496295693	0.0156684215318895	3.5397282886436986e-05	3.5397282886436986e-05	0.2316552875352595	0.0738051995204922
48	3	9	59	10	2.989368059459508	0.0293524171581488	6.631145399254567e-05	6.631145399254567e-05	59	9	2.954051314375901	0.014625532461144	3.304124214670978e-05	3.304124214670978e-05	0.3340594227889273	0.1064310796138618
49	3	10	59	10	2.989368059459508	0.0293524171581488	6.631145399254567e-05	6.631145399254567e-05	59	11	3.136775366089907	0.0136664203198213	3.087446588803434e-05	3.087446588803434e-05	0.1474073066303995	0.046993262005289
50	3	11	59	10	2.989368059459508	0.0293524171581488	6.631145399254567e-05	6.631145399254567e-05	59	10	3.034371230836239	0.0127574689748346	2.882101029118212e-05	2.882101029118212e-05	0.2498114418840673	0.0796395701728126
51	3	12	59	10	2.989368059459508	0.0293524171581488	6.631145399254567e-05	6.631145399254567e-05	59	10	3.0564554496295697	0.0122323553930336	2.763470100248385e-05	2.763470100248385e-05	0.2316552875352604	0.0738051995204925
52	3	13	59	10	2.989368059459508	0.0293524171581488	6.631145399254567e-05	6.631145399254567e-05	59	9	2.954051314375901	0.0114179903906885	2.5794929950744165e-05	2.5794929950744165e-05	0.3340594227889273	0.1064310796138618
53	3	14	59	10	2.989368059459508	0.0293524171581488	6.631145399254567e-05	6.631145399254567e-05	59	11	3.023266364544254	0.0105751777425444	2.3890891457402325e-05	2.3890891457402325e-05	0.0338983050847465	0.0112124771678384
54	3	15	59	10	2.989368059459508	0.0293524171581488	6.631145399254567e-05	6.631145399254567e-05	59	12	3.1854324068234128	0.0079258672144569	1.7905706923921133e-05	1.7905706923921133e-05	0.1960643473639054	0.0615503085056591
55	3	16	59	10	2.989368059459508	0.0293524171581488	6.631145399254567e-05	6.631145399254567e-05	59	13	3.3200450100273127	0.007921288195333	1.7895362242107394e-05	1.7895362242107394e-05	0.3306769505678053	0.0996001408321524
56	3	17	59	10	2.989368059459508	0.0293524171581488	6.631145399254567e-05	6.631145399254567e-05	59	11	3.083028271569745	0.0073985635728966	1.6714449966137033e-05	1.6714449966137033e-05	0.2984684826175732	0.093697948817948
57	3	18	59	10	2.989368059459508	0.0293524171581488	6.631145399254567e-05	6.631145399254567e-05	59	11	3.203862756259968	0.0072952087928484	1.648095622335087e-05	1.648095622335087e-05	0.3790625941656582	0.1153516955270209
58	3	19	59	10	2.989368059459508	0.0293524171581488	6.631145399254567e-05	6.631145399254567e-05	59	11	3.10653372831403	0.0068480476035234	1.547075292481454e-05	1.547075292481454e-05	0.2493736190202895	0.0786013539312375
59	3	20	59	10	2.989368059459508	0.0293524171581488	6.631145399254567e-05	6.631145399254567e-05	59	11	3.10653372831403	0.0068480476035234	1.547075292481454e-05	1.547075292481454e-05	0.2493736190202895	0.0786013539312375
60	4	1	59	9	2.8869639242058405	0.0273990181883945	6.189843665179177e-05	6.189843665179177e-05	59	11	3.1387393983121683	0.04722227404793	0.0001066821051254	0.0001066821051254	0.2517754741063287	0.0802154757549221
61	4	2	59	9	2.8869639242058405	0.0273990181883945	6.189843665179177e-05	6.189843665179177e-05	59	10	3.0363352630585	0.0440805751790815	9.958454246556368e-05	9.958454246556368e-05	0.14937133885266	0.0491946132134955
62	4	3	59	9	2.8869639242058405	0.0273990181883945	6.189843665179177e-05	6.189843665179177e-05	59	10	2.989368059459508	0.0293524171581488	6.631145399254567e-05	6.631145399254567e-05	0.1024041352536686	0.0342561147429212
63	4	4	59	9	2.8869639242058405	0.0273990181883945	6.189843665179177e-05	6.189843665179177e-05	59	9	2.8869639242058405	0.0273990181883945	6.189843665179177e-05	6.189843665179177e-05	8.881784197001252e-16	3.3306690738754696e-16
64	4	5	59	9	2.8869639242058405	0.0273990181883945	6.189843665179177e-05	6.189843665179177e-05	59	12	3.286146704942567	0.0219864290573953	4.967059683856657e-05	4.967059683856657e-05	0.3991827807367274	0.1214744247833889
65	4	6	59	9	2.8869639242058405	0.0273990181883945	6.189843665179177e-05	6.189843665179177e-05	59	11	3.1837425696888983	0.0205245546169348	4.636800614631885e-05	4.636800614631885e-05	0.2967786454830587	0.0932169102830631
66	4	7	59	9	2.8869639242058405	0.0273990181883945	6.189843665179177e-05	6.189843665179177e-05	59	12	3.172637703396914	0.0170133490812956	3.843567324574646e-05	3.843567324574646e-05	0.2856737791910744	0.0900429881688684
67	4	8	59	9	2.8869639242058405	0.0273990181883945	6.189843665179177e-05	6.189843665179177e-05	59	10	3.0564554496295693	0.0156684215318895	3.5397282886436986e-05	3.5397282886436986e-05	0.3340594227889273	0.1064310796138618
68	4	9	59	9	2.8869639242058405	0.0273990181883945	6.189843665179177e-05	6.189843665179177e-05	59	9	2.954051314375901	0.014625532461144	3.304124214670978e-05	3.304124214670978e-05	0.2316552875352595	0.0762943705043669
69	4	10	59	9	2.8869639242058405	0.0273990181883945	6.189843665179177e-05	6.189843665179177e-05	59	11	3.136775366089907	0.0136664203198213	3.087446588803434e-05	3.087446588803434e-05	0.2498114418840673	0.0796395701728126
70	4	11	59	9	2.8869639242058405	0.0273990181883945	6.189843665179177e-05	6.189843665179177e-05	59	10	3.034371230836239	0.0127574689748346	2.882101029118212e-05	2.882101029118212e-05	0.1474073066303995	0.0485791933209753
71	4	12	59	9	2.8869639242058405	0.0273990181883945	6.189843665179177e-05	6.189843665179177e-05	59	10	3.0564554496295697	0.0122323553930336	2.763470100248385e-05	2.763470100248385e-05	0.3340594227889282	0.1064310796138621
72	4	13	59	9	2.8869639242058405	0.0273990181883945	6.189843665179177e-05	6.189843665179177e-05	59	9	2.954051314375901	0.0114179903906885	2.5794929950744165e-05	2.5794929950744165e-05	0.2316552875352595	0.0762943705043669
73	4	14	59	9	2.8869639242058405	0.0273990181883945	6.189843665179177e-05	6.189843665179177e-05	59	11	3.023266364544254	0.0105751777425444	2.3890891457402325e-05	2.3890891457402325e-05	0.1363024403384143	0.0450844960063455
74	4	15	59	9	2.8869639242058405	0.0273990181883945	6.189843665179177e-05	6.189843665179177e-05	59	12	3.1854324068234128	0.0079258672144569	1.7905706923921133e-05	1.7905706923921133e-05	0.2984684826175732	0.093697948817948
75	4	16	59	9	2.8869639242058405	0.0273990181883945	6.189843665179177e-05	6.189843665179177e-05	59	13	3.3200450100273127	0.007921288195333	1.7895362242107394e-05	1.7895362242107394e-05	0.4330810858214731	0.1304443417223161
76	4	17	59	9	2.8869639242058405	0.0273990181883945	6.189843665179177e-05	6.189843665179177e-05	59	11	3.083028271569745	0.0073985635728966	1.6714449966137033e-05	1.6714449966137033e-05	0.1960643473639054	0.0635947289786214
77	4	18	59	9	2.8869639242058405	0.0273990181883945	6.189843665179177e-05	6.189843665179177e-05	59	11	3.203862756259968	0.0072952087928484	1.648095622335087e-05	1.648095622335087e-05	0.481466729419326	0.1465140703229014
78	4	19	59	9	2.8869639242058405	0.0273990181883945	6.189843665179177e-05	6.189843665179177e-05	59	11	3.10653372831403	0.0068480476035234	1.547075292481454e-05	1.547075292481454e-05	0.2195698041081906	0.0706800000614688
79	4	20	59	9	2.8869639242058405	0.0273990181883945	6.189843665179177e-05	6.189843665179177e-05	59	11	3.10653372831403	0.0068480476035234	1.547075292481454e-05	1.547075292481454e-05	0.2195698041081906	0.0706800000614688
80	5	1	59	12	3.286146704942567	0.0219864290573953	4.967059683856657e-05	4.967059683856657e-05	59	11	3.1387393983121683	0.04722227404793	0.0001066821051254	0.0001066821051254	0.1474073066304004	0.0448571898536029
81	5	2	59	12	3.286146704942567	0.0219864290573953	4.967059683856657e-05	4.967059683856657e-05	59	10	3.0363352630585	0.0440805751790815	9.958454246556368e-05	9.958454246556368e-05	0.2498114418840673	0.0760195646494831
82	5	3	59	12	3.286146704942567	0.0219864290573953	4.967059683856657e-05	4.967059683856657e-05	59	10	2.989368059459508	0.0293524171581488	6.631145399254567e-05	6.631145399254567e-05	0.2967786454830596	0.0903120499875085
83	5	4	59	12	3.286146704942567	0.0219864290573953	4.967059683856657e-05	4.967059683856657e-05	59	9	2.8869639242058405	0.0273990181883945	6.189843665179177e-05	6.189843665179177e-05	0.3991827807367274	0.1214744247833889
84	5	5	59	12	3.286146704942567	0.0219864290573953	4.967059683856657e-05	4.967059683856657e-05	59	12	3.286146704942567	0.0219864290573953	4.967059683856657e-05	4.967059683856657e-05	8.881784197001252e-16	2.220446049250313e-16
85	5	6	59	12	3.286146704942567	0.0219864290573953	4.967059683856657e-05	4.967059683856657e-05	59	11	3.1837425696888983	0.0205245546169348	4.636800614631885e-05	4.636800614631885e-05	0.1024041352536686	0.0311623747958806
86	5	7	59	12	3.286146704942567	0.0219864290573953	4.967059683856657e-05	4.967059683856657e-05	59	12	3.172637703396914	0.0170133490812956	3.843567324574646e-05	3.843567324574646e-05	0.1813056117151461	0.0546093836582217
87	5	8	59	12	3.286146704942567	0.0219864290573953	4.967059683856657e-05	4.967059683856657e-05	59	10	3.0564554496295693	0.0156684215318895	3.5397282886436986e-05	3.5397282886436986e-05	0.2296912553129981	0.069896835393115
88	5	9	59	12	3.286146704942567	0.0219864290573953	4.967059683856657e-05	4.967059683856657e-05	59	9	2.954051314375901	0.014625532461144	3.304124214670978e-05	3.304124214670978e-05	0.3320953905666668	0.1010592101889957
89	5	10	59	12	3.286146704942567	0.0219864290573953	4.967059683856657e-05	4.967059683856657e-05	59	11	3.136775366089907	0.0136664203198213	3.087446588803434e-05	3.087446588803434e-05	0.14937133885266	0.0454548601339058
90	5	11	59	12	3.286146704942567	0.0219864290573953	4.967059683856657e-05	4.967059683856657e-05	59	10	3.034371230836239	0.0127574689748346	2.882101029118212e-05	2.882101029118212e-05	0.2517754741063287	0.0766172349297865
91	5	12	59	12	3.286146704942567	0.0219864290573953	4.967059683856657e-05	4.967059683856657e-05	59	10	3.0564554496295697	0.0122323553930336	2.763470100248385e-05	2.763470100248385e-05	0.229691255312999	0.0698968353931153
92	5	13	59	12	3.286146704942567	0.0219864290573953	4.967059683856657e-05	4.967059683856657e-05	59	9	2.954051314375901	0.0114179903906885	2.5794929950744165e-05	2.5794929950744165e-05	0.3320953905666668	0.1010592101889957
93	5	14	59	12	3.286146704942567	0.0219864290573953	4.967059683856657e-05	4.967059683856657e-05	59	11	3.023266364544254	0.0105751777425444	2.3890891457402325e-05	2.3890891457402325e-05	0.3306769505678053	0.0996001408321524
94	5	15	59	12	3.286146704942567	0.0219864290573953	4.967059683856657e-05	4.967059683856657e-05	59	12	3.1854324068234128	0.0079258672144569	1.7905706923921133e-05	1.7905706923921133e-05	0.1941003151416449	0.0582387188793125
95	5	16	59	12	3.286146704942567	0.0219864290573953	4.967059683856657e-05	4.967059683856657e-05	59	13	3.3200450100273127	0.007921288195333	1.7895362242107394e-05	1.7895362242107394e-05	0.0338983050847465	0.0102101944348241
96	5	17	59	12	3.286146704942567	0.0219864290573953	4.967059683856657e-05	4.967059683856657e-05	59	11	3.083028271569745	0.0073985635728966	1.6714449966137033e-05	1.6714449966137033e-05	0.2965044503953127	0.0889645095137341
97	5	18	59	12	3.286146704942567	0.0219864290573953	4.967059683856657e-05	4.967059683856657e-05	59	11	3.203862756259968	0.0072952087928484	1.648095622335087e-05	1.648095622335087e-05	0.0822839486825994	0.0250396455395126
98	5	19	59	12	3.286146704942567	0.0219864290573953	4.967059683856657e-05	4.967059683856657e-05	59	11	3.10653372831403	0.0068480476035234	1.547075292481454e-05	1.547075292481454e-05	0.247409586798029	0.0745199495942958
99	5	20	59	12	3.286146704942567	0.0219864290573953	4.967059683856657e-05	4.967059683856657e-05	59	11	3.10653372831403	0.0068480476035234	1.547075292481454e-05	1.547075292481454e-05	0.247409586798029	0.0745199495942958
100	6	1	59	11	3.1837425696888983	0.0205245546169348	4.636800614631885e-05	4.636800614631885e-05	59	11	3.1387393983121683	0.04722227404793	0.0001066821051254	0.0001066821051254	0.2498114418840673	0.0760195646494831
101	6	2	59	11	3.1837425696888983	0.0205245546169348	4.636800614631885e-05	4.636800614631885e-05	59	10	3.0363352630585	0.0440805751790815	9.958454246556368e-05	9.958454246556368e-05	0.1474073066303987	0.0463000080577503
102	6	3	59	11	3.1837425696888983	0.0205245546169348	4.636800614631885e-05	4.636800614631885e-05	59	10	2.989368059459508	0.0293524171581488	6.631145399254567e-05	6.631145399254567e-05	0.3991827807367265	0.1214744247833887
103	6	4	59	11	3.1837425696888983	0.0205245546169348	4.636800614631885e-05	4.636800614631885e-05	59	9	2.8869639242058405	0.0273990181883945	6.189843665179177e-05	6.189843665179177e-05	0.2967786454830587	0.0932169102830631
104	6	5	59	11	3.1837425696888983	0.0205245546169348	4.636800614631885e-05	4.636800614631885e-05	59	12	3.286146704942567	0.0219864290573953	4.967059683856657e-05	4.967059683856657e-05	0.1024041352536686	0.0311623747958806
105	6	6	59	11	3.1837425696888983	0.0205245546169348	4.636800614631885e-05	4.636800614631885e-05	59	11	3.1837425696888983	0.0205245546169348	4.636800614631885e-05	4.636800614631885e-05	0.0	0.0
106	6	7	59	11	3.1837425696888983	0.0205245546169348	4.636800614631885e-05	4.636800614631885e-05	59	12	3.172637703396914	0.0170133490812956	3.843567324574646e-05	3.843567324574646e-05	0.283709746968813	0.0854535845483851
107	6	8	59	11	3.1837425696888983	0.0205245546169348	4.636800614631885e-05	4.636800614631885e-05	59	10	3.0564554496295693	0.0156684215318895	3.5397282886436986e-05	3.5397282886436986e-05	0.3320953905666668	0.1010592101889957
108	6	9	59	11	3.1837425696888983	0.0205245546169348	4.636800614631885e-05	4.636800614631885e-05	59	9	2.954051314375901	0.014625532461144	3.304124214670978e-05	3.304124214670978e-05	0.229691255312999	0.0721450463676914
109	6	10	59	11	3.1837425696888983	0.0205245546169348	4.636800614631885e-05	4.636800614631885e-05	59	11	3.136775366089907	0.0136664203198213	3.087446588803434e-05	3.087446588803434e-05	0.2517754741063278	0.0766172349297863
110	6	11	59	11	3.1837425696888983	0.0205245546169348	4.636800614631885e-05	4.636800614631885e-05	59	10	3.034371230836239	0.0127574689748346	2.882101029118212e-05	2.882101029118212e-05	0.14937133885266	0.0469169022253127
111	6	12	59	11	3.1837425696888983	0.0205245546169348	4.636800614631885e-05	4.636800614631885e-05	59	10	3.0564554496295697	0.0122323553930336	2.763470100248385e-05	2.763470100248385e-05	0.3320953905666668	0.1010592101889957
112	6	13	59	11	3.1837425696888983	0.0205245546169348	4.636800614631885e-05	4.636800614631885e-05	59	9	2.954051314375901	0.0114179903906885	2.5794929950744165e-05	2.5794929950744165e-05	0.2296912553129981	0.0721450463676912
113	6	14	59	11	3.1837425696888983	0.0205245546169348	4.636800614631885e-05	4.636800614631885e-05	59	11	3.023266364544254	0.0105751777425444	2.3890891457402325e-05	2.3890891457402325e-05	0.4330810858214722	0.1304443417223157
114	6	15	59	11	3.1837425696888983	0.0205245546169348	4.636800614631885e-05	4.636800614631885e-05	59	12	3.1854324068234128	0.0079258672144569	1.7905706923921133e-05	1.7905706923921133e-05	0.2965044503953118	0.0889645095137339
115	6	16	59	11	3.1837425696888983	0.0205245546169348	4.636800614631885e-05	4.636800614631885e-05	59	13	3.3200450100273127	0.007921288195333	1.7895362242107394e-05	1.7895362242107394e-05	0.1363024403384143	0.0410543953249877
116	6	17	59	11	3.1837425696888983	0.0205245546169348	4.636800614631885e-05	4.636800614631885e-05	59	11	3.083028271569745	0.0073985635728966	1.6714449966137033e-05	1.6714449966137033e-05	0.194100315141644	0.0600848741425106
117	6	18	59	11	3.1837425696888983	0.0205245546169348	4.636800614631885e-05	4.636800614631885e-05	59	11	3.203862756259968	0.0072952087928484	1.648095622335087e-05	1.648095622335087e-05	0.1846880839362672	0.0562020203353931
118	6	19	59	11	3.1837425696888983	0.0205245546169348	4.636800614631885e-05	4.636800614631885e-05	59	11	3.10653372831403	0.0068480476035234	1.547075292481454e-05	1.547075292481454e-05	0.2176057718859292	0.0668745283178265
119	6	20	59	11	3.1837425696888983	0.0205245546169348	4.636800614631885e-05	4.636800614631885e-05	59	11	3.10653372831403	0.0068480476035234	1.547075292481454e-05	1.547075292481454e-05	0.2176057718859292	0.0668745283178265
120	7	1	59	12	3.172637703396914	0.0170133490812956	3.843567324574646e-05	3.843567324574646e-05	59	11	3.1387393983121683	0.04722227404793	0.0001066821051254	0.0001066821051254	0.0338983050847474	0.010684581176241
121	7	2	59	12	3.172637703396914	0.0170133490812956	3.843567324574646e-05	3.843567324574646e-05	59	10	3.0363352630585	0.0440805751790815	9.958454246556368e-05	9.958454246556368e-05	0.1363024403384143	0.0429618674053065
122	7	3	59	12	3.172637703396914	0.0170133490812956	3.843567324574646e-05	3.843567324574646e-05	59	10	2.989368059459508	0.0293524171581488	6.631145399254567e-05	6.631145399254567e-05	0.1832696439374066	0.0577657019398027
123	7	4	59	12	3.172637703396914	0.0170133490812956	3.843567324574646e-05	3.843567324574646e-05	59	9	2.8869639242058405	0.0273990181883945	6.189843665179177e-05	6.189843665179177e-05	0.2856737791910744	0.0900429881688684
124	7	5	59	12	3.172637703396914	0.0170133490812956	3.843567324574646e-05	3.843567324574646e-05	59	12	3.286146704942567	0.0219864290573953	4.967059683856657e-05	4.967059683856657e-05	0.1813056117151461	0.0546093836582217
125	7	6	59	12	3.172637703396914	0.0170133490812956	3.843567324574646e-05	3.843567324574646e-05	59	11	3.1837425696888983	0.0205245546169348	4.636800614631885e-05	4.636800614631885e-05	0.283709746968813	0.0854535845483851
126	7	7	59	12	3.172637703396914	0.0170133490812956	3.843567324574646e-05	3.843567324574646e-05	59	12	3.172637703396914	0.0170133490812956	3.843567324574646e-05	3.843567324574646e-05	8.881784197001252e-16	3.3306690738754696e-16
127	7	8	59	12	3.172637703396914	0.0170133490812956	3.843567324574646e-05	3.843567324574646e-05	59	10	3.0564554496295693	0.0156684215318895	3.5397282886436986e-05	3.5397282886436986e-05	0.1161822537673451	0.0366200822876655
128	7	9	59	12	3.172637703396914	0.0170133490812956	3.843567324574646e-05	3.843567324574646e-05	59	9	2.954051314375901	0.014625532461144	3.304124214670978e-05	3.304124214670978e-05	0.2185863890210138	0.0688973685167314
129	7	10	59	12	3.172637703396914	0.0170133490812956	3.843567324574646e-05	3.843567324574646e-05	59	11	3.136775366089907	0.0136664203198213	3.087446588803434e-05	3.087446588803434e-05	0.3306769505678053	0.0996001408321524
130	7	11	59	12	3.172637703396914	0.0170133490812956	3.843567324574646e-05	3.843567324574646e-05	59	10	3.034371230836239	0.0127574689748346	2.882101029118212e-05	2.882101029118212e-05	0.4330810858214731	0.1304443417223161
131	7	12	59	12	3.172637703396914	0.0170133490812956	3.843567324574646e-05	3.843567324574646e-05	59	10	3.0564554496295697	0.0122323553930336	2.763470100248385e-05	2.763470100248385e-05	0.116182253767346	0.0366200822876657
132	7	13	59	12	3.172637703396914	0.0170133490812956	3.843567324574646e-05	3.843567324574646e-05	59	9	2.954051314375901	0.0114179903906885	2.5794929950744165e-05	2.5794929950744165e-05	0.2185863890210138	0.0688973685167314
133	7	14	59	12	3.172637703396914	0.0170133490812956	3.843567324574646e-05	3.843567324574646e-05	59	11	3.023266364544254	0.0105751777425444	2.3890891457402325e-05	2.3890891457402325e-05	0.1493713388526609	0.0470811207635623
134	7	15	59	12	3.172637703396914	0.0170133490812956	3.843567324574646e-05	3.843567324574646e-05	59	12	3.1854324068234128	0.0079258672144569	1.7905706923921133e-05	1.7905706923921133e-05	0.0805913135959919	0.0250335615716298
135	7	16	59	12	3.172637703396914	0.0170133490812956	3.843567324574646e-05	3.843567324574646e-05	59	13	3.3200450100273127	0.007921288195333	1.7895362242107394e-05	1.7895362242107394e-05	0.1474073066303995	0.0443991892233975
136	7	17	59	12	3.172637703396914	0.0170133490812956	3.843567324574646e-05	3.843567324574646e-05	59	11	3.083028271569745	0.0073985635728966	1.6714449966137033e-05	1.6714449966137033e-05	0.1829954488496596	0.0568426996868535
137	7	18	59	12	3.172637703396914	0.0170133490812956	3.843567324574646e-05	3.843567324574646e-05	59	11	3.203862756259968	0.0072952087928484	1.648095622335087e-05	1.648095622335087e-05	0.2635895603977438	0.0793933695481964
138	7	19	59	12	3.172637703396914	0.0170133490812956	3.843567324574646e-05	3.843567324574646e-05	59	11	3.10653372831403	0.0068480476035234	1.547075292481454e-05	1.547075292481454e-05	0.0661039750828837	0.020835651991435
139	7	20	59	12	3.172637703396914	0.0170133490812956	3.843567324574646e-05	3.843567324574646e-05	59	11	3.10653372831403	0.0068480476035234	1.547075292481454e-05	1.547075292481454e-05	0.0661039750828837	0.020835651991435
140	8	1	59	10	3.0564554496295693	0.0156684215318895	3.5397282886436986e-05	3.5397282886436986e-05	59	11	3.1387393983121683	0.04722227404793	0.0001066821051254	0.0001066821051254	0.0822839486825994	0.0262156038589399
141	8	2	59	10	3.0564554496295693	0.0156684215318895	3.5397282886436986e-05	3.5397282886436986e-05	59	10	3.0363352630585	0.0440805751790815	9.958454246556368e-05	9.958454246556368e-05	0.1846880839362681	0.0588414839523098
142	8	3	59	10	3.0564554496295693	0.0156684215318895	3.5397282886436986e-05	3.5397282886436986e-05	59	10	2.989368059459508	0.0293524171581488	6.631145399254567e-05	6.631145399254567e-05	0.2316552875352595	0.0738051995204922
143	8	4	59	10	3.0564554496295693	0.0156684215318895	3.5397282886436986e-05	3.5397282886436986e-05	59	9	2.8869639242058405	0.0273990181883945	6.189843665179177e-05	6.189843665179177e-05	0.3340594227889273	0.1064310796138618
144	8	5	59	10	3.0564554496295693	0.0156684215318895	3.5397282886436986e-05	3.5397282886436986e-05	59	12	3.286146704942567	0.0219864290573953	4.967059683856657e-05	4.967059683856657e-05	0.2296912553129981	0.069896835393115
145	8	6	59	10	3.0564554496295693	0.0156684215318895	3.5397282886436986e-05	3.5397282886436986e-05	59	11	3.1837425696888983	0.0205245546169348	4.636800614631885e-05	4.636800614631885e-05	0.3320953905666668	0.1010592101889957
146	8	7	59	10	3.0564554496295693	0.0156684215318895	3.5397282886436986e-05	3.5397282886436986e-05	59	12	3.172637703396914	0.0170133490812956	3.843567324574646e-05	3.843567324574646e-05	0.1161822537673451	0.0366200822876655
147	8	8	59	10	3.0564554496295693	0.0156684215318895	3.5397282886436986e-05	3.5397282886436986e-05	59	10	3.0564554496295693	0.0156684215318895	3.5397282886436986e-05	3.5397282886436986e-05	8.881784197001252e-16	3.3306690738754696e-16
148	8	9	59	10	3.0564554496295693	0.0156684215318895	3.5397282886436986e-05	3.5397282886436986e-05	59	9	2.954051314375901	0.014625532461144	3.304124214670978e-05	3.304124214670978e-05	0.1024041352536686	0.0335042132762247
149	8	10	59	10	3.0564554496295693	0.0156684215318895	3.5397282886436986e-05	3.5397282886436986e-05	59	11	3.136775366089907	0.0136664203198213	3.087446588803434e-05	3.087446588803434e-05	0.3790625941656582	0.1153516955270209
150	8	11	59	10	3.0564554496295693	0.0156684215318895	3.5397282886436986e-05	3.5397282886436986e-05	59	10	3.034371230836239	0.0127574689748346	2.882101029118212e-05	2.882101029118212e-05	0.4814667294193269	0.1465140703229016
151	8	12	59	10	3.0564554496295693	0.0156684215318895	3.5397282886436986e-05	3.5397282886436986e-05	59	10	3.0564554496295697	0.0122323553930336	2.763470100248385e-05	2.763470100248385e-05	0.1645678973651998	0.0524312077178802
152	8	13	59	10	3.0564554496295693	0.0156684215318895	3.5397282886436986e-05	3.5397282886436986e-05	59	9	2.954051314375901	0.0114179903906885	2.5794929950744165e-05	2.5794929950744165e-05	0.2669720326188658	0.0850570878112493
153	8	14	59	10	3.0564554496295693	0.0156684215318895	3.5397282886436986e-05	3.5397282886436986e-05	59	11	3.023266364544254	0.0105751777425444	2.3890891457402325e-05	2.3890891457402325e-05	0.2655535926200052	0.0837012030512275
154	8	15	59	10	3.0564554496295693	0.0156684215318895	3.5397282886436986e-05	3.5397282886436986e-05	59	12	3.1854324068234128	0.0079258672144569	1.7905706923921133e-05	1.7905706923921133e-05	0.1289769571938448	0.0404896229841723
155	8	16	59	10	3.0564554496295693	0.0156684215318895	3.5397282886436986e-05	3.5397282886436986e-05	59	13	3.3200450100273127	0.007921288195333	1.7895362242107394e-05	1.7895362242107394e-05	0.2635895603977447	0.0793933695481966
156	8	17	59	10	3.0564554496295693	0.0156684215318895	3.5397282886436986e-05	3.5397282886436986e-05	59	11	3.083028271569745	0.0073985635728966	1.6714449966137033e-05	1.6714449966137033e-05	0.2313810924475126	0.0726372632964612
157	8	18	59	10	3.0564554496295693	0.0156684215318895	3.5397282886436986e-05	3.5397282886436986e-05	59	11	3.203862756259968	0.0072952087928484	1.648095622335087e-05	1.648095622335087e-05	0.1474073066303995	0.0460092450409691
158	8	19	59	10	3.0564554496295693	0.0156684215318895	3.5397282886436986e-05	3.5397282886436986e-05	59	11	3.10653372831403	0.0068480476035234	1.547075292481454e-05	1.547075292481454e-05	0.1822862288502289	0.0574557342791005
159	8	20	59	10	3.0564554496295693	0.0156684215318895	3.5397282886436986e-05	3.5397282886436986e-05	59	11	3.10653372831403	0.0068480476035234	1.547075292481454e-05	1.547075292481454e-05	0.1822862288502289	0.0574557342791005
160	9	1	59	9	2.954051314375901	0.014625532461144	3.304124214670978e-05	3.304124214670978e-05	59	11	3.1387393983121683	0.04722227404793	0.0001066821051254	0.0001066821051254	0.1846880839362681	0.0588414839523098
161	9	2	59	9	2.954051314375901	0.014625532461144	3.304124214670978e-05	3.304124214670978e-05	59	10	3.0363352630585	0.0440805751790815	9.958454246556368e-05	9.958454246556368e-05	0.0822839486826003	0.0270997572908716
162	9	3	59	9	2.954051314375901	0.014625532461144	3.304124214670978e-05	3.304124214670978e-05	59	10	2.989368059459508	0.0293524171581488	6.631145399254567e-05	6.631145399254567e-05	0.3340594227889273	0.1064310796138618
163	9	4	59	9	2.954051314375901	0.014625532461144	3.304124214670978e-05	3.304124214670978e-05	59	9	2.8869639242058405	0.0273990181883945	6.189843665179177e-05	6.189843665179177e-05	0.2316552875352595	0.0762943705043669
164	9	5	59	9	2.954051314375901	0.014625532461144	3.304124214670978e-05	3.304124214670978e-05	59	12	3.286146704942567	0.0219864290573953	4.967059683856657e-05	4.967059683856657e-05	0.3320953905666668	0.1010592101889957
165	9	6	59	9	2.954051314375901	0.014625532461144	3.304124214670978e-05	3.304124214670978e-05	59	11	3.1837425696888983	0.0205245546169348	4.636800614631885e-05	4.636800614631885e-05	0.229691255312999	0.0721450463676914
166	9	7	59	9	2.954051314375901	0.014625532461144	3.304124214670978e-05	3.304124214670978e-05	59	12	3.172637703396914	0.0170133490812956	3.843567324574646e-05	3.843567324574646e-05	0.2185863890210138	0.0688973685167314
167	9	8	59	9	2.954051314375901	0.014625532461144	3.304124214670978e-05	3.304124214670978e-05	59	10	3.0564554496295693	0.0156684215318895	3.5397282886436986e-05	3.5397282886436986e-05	0.1024041352536686	0.0335042132762247
168	9	9	59	9	2.954051314375901	0.014625532461144	3.304124214670978e-05	3.304124214670978e-05	59	9	2.954051314375901	0.014625532461144	3.304124214670978e-05	3.304124214670978e-05	8.881784197001252e-16	3.3306690738754696e-16
169	9	10	59	9	2.954051314375901	0.014625532461144	3.304124214670978e-05	3.304124214670978e-05	59	11	3.136775366089907	0.0136664203198213	3.087446588803434e-05	3.087446588803434e-05	0.4814667294193269	0.1465140703229016
170	9	11	59	9	2.954051314375901	0.014625532461144	3.304124214670978e-05	3.304124214670978e-05	59	10	3.034371230836239	0.0127574689748346	2.882101029118212e-05	2.882101029118212e-05	0.3790625941656591	0.1190619485930042
171	9	12	59	9	2.954051314375901	0.014625532461144	3.304124214670978e-05	3.304124214670978e-05	59	10	3.0564554496295697	0.0122323553930336	2.763470100248385e-05	2.763470100248385e-05	0.2669720326188676	0.0850570878112497
172	9	13	59	9	2.954051314375901	0.014625532461144	3.304124214670978e-05	3.304124214670978e-05	59	9	2.954051314375901	0.0114179903906885	2.5794929950744165e-05	2.5794929950744165e-05	0.164567897365198	0.0541995145817424
173	9	14	59	9	2.954051314375901	0.014625532461144	3.304124214670978e-05	3.304124214670978e-05	59	11	3.023266364544254	0.0105751777425444	2.3890891457402325e-05	2.3890891457402325e-05	0.3679577278736738	0.1159784892802934
174	9	15	59	9	2.954051314375901	0.014625532461144	3.304124214670978e-05	3.304124214670978e-05	59	12	3.1854324068234128	0.0079258672144569	1.7905706923921133e-05	1.7905706923921133e-05	0.2313810924475126	0.0726372632964612
175	9	16	59	9	2.954051314375901	0.014625532461144	3.304124214670978e-05	3.304124214670978e-05	59	13	3.3200450100273127	0.007921288195333	1.7895362242107394e-05	1.7895362242107394e-05	0.3659936956514125	0.1102375704383602
176	9	17	59	9	2.954051314375901	0.014625532461144	3.304124214670978e-05	3.304124214670978e-05	59	11	3.083028271569745	0.0073985635728966	1.6714449966137033e-05	1.6714449966137033e-05	0.1289769571938448	0.0418345035571715
177	9	18	59	9	2.954051314375901	0.014625532461144	3.304124214670978e-05	3.304124214670978e-05	59	11	3.203862756259968	0.0072952087928484	1.648095622335087e-05	1.648095622335087e-05	0.2498114418840673	0.0779719547586629
178	9	19	59	9	2.954051314375901	0.014625532461144	3.304124214670978e-05	3.304124214670978e-05	59	11	3.10653372831403	0.0068480476035234	1.547075292481454e-05	1.547075292481454e-05	0.15248241393813	0.0490844224700837
179	9	20	59	9	2.954051314375901	0.014625532461144	3.304124214670978e-05	3.304124214670978e-05	59	11	3.10653372831403	0.0068480476035234	1.547075292481454e-05	1.547075292481454e-05	0.15248241393813	0.0490844224700837
180	10	1	59	11	3.136775366089907	0.0136664203198213	3.087446588803434e-05	3.087446588803434e-05	59	11	3.1387393983121683	0.04722227404793	0.0001066821051254	0.0001066821051254	0.2967786454830596	0.0903120499875085
181	10	2	59	11	3.136775366089907	0.0136664203198213	3.087446588803434e-05	3.087446588803434e-05	59	10	3.0363352630585	0.0440805751790815	9.958454246556368e-05	9.958454246556368e-05	0.3991827807367265	0.1214744247833887
182	10	3	59	11	3.136775366089907	0.0136664203198213	3.087446588803434e-05	3.087446588803434e-05	59	10	2.989368059459508	0.0293524171581488	6.631145399254567e-05	6.631145399254567e-05	0.1474073066303995	0.046993262005289
183	10	4	59	11	3.136775366089907	0.0136664203198213	3.087446588803434e-05	3.087446588803434e-05	59	9	2.8869639242058405	0.0273990181883945	6.189843665179177e-05	6.189843665179177e-05	0.2498114418840673	0.0796395701728126
184	10	5	59	11	3.136775366089907	0.0136664203198213	3.087446588803434e-05	3.087446588803434e-05	59	12	3.286146704942567	0.0219864290573953	4.967059683856657e-05	4.967059683856657e-05	0.14937133885266	0.0454548601339058
185	10	6	59	11	3.136775366089907	0.0136664203198213	3.087446588803434e-05	3.087446588803434e-05	59	11	3.1837425696888983	0.0205245546169348	4.636800614631885e-05	4.636800614631885e-05	0.2517754741063278	0.0766172349297863
186	10	7	59	11	3.136775366089907	0.0136664203198213	3.087446588803434e-05	3.087446588803434e-05	59	12	3.172637703396914	0.0170133490812956	3.843567324574646e-05	3.843567324574646e-05	0.3306769505678053	0.0996001408321524
187	10	8	59	11	3.136775366089907	0.0136664203198213	3.087446588803434e-05	3.087446588803434e-05	59	10	3.0564554496295693	0.0156684215318895	3.5397282886436986e-05	3.5397282886436986e-05	0.3790625941656582	0.1153516955270209
188	10	9	59	11	3.136775366089907	0.0136664203198213	3.087446588803434e-05	3.087446588803434e-05	59	9	2.954051314375901	0.014625532461144	3.304124214670978e-05	3.304124214670978e-05	0.4814667294193269	0.1465140703229016
189	10	10	59	11	3.136775366089907	0.0136664203198213	3.087446588803434e-05	3.087446588803434e-05	59	11	3.136775366089907	0.0136664203198213	3.087446588803434e-05	3.087446588803434e-05	8.881784197001252e-16	3.3306690738754696e-16
190	10	11	59	11	3.136775366089907	0.0136664203198213	3.087446588803434e-05	3.087446588803434e-05	59	10	3.034371230836239	0.0127574689748346	2.882101029118212e-05	2.882101029118212e-05	0.1024041352536686	0.0326463081675238
191	10	12	59	11	3.136775366089907	0.0136664203198213	3.087446588803434e-05	3.087446588803434e-05	59	10	3.0564554496295697	0.0122323553930336	2.763470100248385e-05	2.763470100248385e-05	0.3790625941656591	0.1153516955270211
192	10	13	59	11	3.136775366089907	0.0136664203198213	3.087446588803434e-05	3.087446588803434e-05	59	9	2.954051314375901	0.0114179903906885	2.5794929950744165e-05	2.5794929950744165e-05	0.481466729419326	0.1465140703229014
193	10	14	59	11	3.136775366089907	0.0136664203198213	3.087446588803434e-05	3.087446588803434e-05	59	11	3.023266364544254	0.0105751777425444	2.3890891457402325e-05	2.3890891457402325e-05	0.1813056117151452	0.057182047261261
194	10	15	59	11	3.136775366089907	0.0136664203198213	3.087446588803434e-05	3.087446588803434e-05	59	12	3.1854324068234128	0.0079258672144569	1.7905706923921133e-05	1.7905706923921133e-05	0.3434716539943041	0.1030567574575512
195	10	16	59	11	3.136775366089907	0.0136664203198213	3.087446588803434e-05	3.087446588803434e-05	59	13	3.3200450100273127	0.007921288195333	1.7895362242107394e-05	1.7895362242107394e-05	0.1832696439374066	0.0552009516087551
196	10	17	59	11	3.136775366089907	0.0136664203198213	3.087446588803434e-05	3.087446588803434e-05	59	11	3.083028271569745	0.0073985635728966	1.6714449966137033e-05	1.6714449966137033e-05	0.4458757892479719	0.1337825480919729
197	10	18	59	11	3.136775366089907	0.0136664203198213	3.087446588803434e-05	3.087446588803434e-05	59	11	3.203862756259968	0.0072952087928484	1.648095622335087e-05	1.648095622335087e-05	0.2316552875352595	0.0704945056734185
198	10	19	59	11	3.136775366089907	0.0136664203198213	3.087446588803434e-05	3.087446588803434e-05	59	11	3.10653372831403	0.0068480476035234	1.547075292481454e-05	1.547075292481454e-05	0.3967809256506891	0.1195107067682268
199	10	20	59	11	3.136775366089907	0.0136664203198213	3.087446588803434e-05	3.087446588803434e-05	59	11	3.10653372831403	0.0068480476035234	1.547075292481454e-05	1.547075292481454e-05	0.3967809256506891	0.1195107067682268
200	11	1	59	10	3.034371230836239	0.0127574689748346	2.882101029118212e-05	2.882101029118212e-05	59	11	3.1387393983121683	0.04722227404793	0.0001066821051254	0.0001066821051254	0.3991827807367274	0.1214744247833889
201	11	2	59	10	3.034371230836239	0.0127574689748346	2.882101029118212e-05	2.882101029118212e-05	59	10	3.0363352630585	0.0440805751790815	9.958454246556368e-05	9.958454246556368e-05	0.2967786454830587	0.0932169102830631
202	11	3	59	10	3.034371230836239	0.0127574689748346	2.882101029118212e-05	2.882101029118212e-05	59	10	2.989368059459508	0.0293524171581488	6.631145399254567e-05	6.631145399254567e-05	0.2498114418840673	0.0796395701728126
203	11	4	59	10	3.034371230836239	0.0127574689748346	2.882101029118212e-05	2.882101029118212e-05	59	9	2.8869639242058405	0.0273990181883945	6.189843665179177e-05	6.189843665179177e-05	0.1474073066303995	0.0485791933209753
204	11	5	59	10	3.034371230836239	0.0127574689748346	2.882101029118212e-05	2.882101029118212e-05	59	12	3.286146704942567	0.0219864290573953	4.967059683856657e-05	4.967059683856657e-05	0.2517754741063287	0.0766172349297865
205	11	6	59	10	3.034371230836239	0.0127574689748346	2.882101029118212e-05	2.882101029118212e-05	59	11	3.1837425696888983	0.0205245546169348	4.636800614631885e-05	4.636800614631885e-05	0.14937133885266	0.0469169022253127
206	11	7	59	10	3.034371230836239	0.0127574689748346	2.882101029118212e-05	2.882101029118212e-05	59	12	3.172637703396914	0.0170133490812956	3.843567324574646e-05	3.843567324574646e-05	0.4330810858214731	0.1304443417223161
207	11	8	59	10	3.034371230836239	0.0127574689748346	2.882101029118212e-05	2.882101029118212e-05	59	10	3.0564554496295693	0.0156684215318895	3.5397282886436986e-05	3.5397282886436986e-05	0.4814667294193269	0.1465140703229016
208	11	9	59	10	3.034371230836239	0.0127574689748346	2.882101029118212e-05	2.882101029118212e-05	59	9	2.954051314375901	0.014625532461144	3.304124214670978e-05	3.304124214670978e-05	0.3790625941656591	0.1190619485930042
209	11	10	59	10	3.034371230836239	0.0127574689748346	2.882101029118212e-05	2.882101029118212e-05	59	11	3.136775366089907	0.0136664203198213	3.087446588803434e-05	3.087446588803434e-05	0.1024041352536686	0.0326463081675238
210	11	11	59	10	3.034371230836239	0.0127574689748346	2.882101029118212e-05	2.882101029118212e-05	59	10	3.034371230836239	0.0127574689748346	2.882101029118212e-05	2.882101029118212e-05	8.881784197001252e-16	3.3306690738754696e-16
211	11	12	59	10	3.034371230836239	0.0127574689748346	2.882101029118212e-05	2.882101029118212e-05	59	10	3.0564554496295697	0.0122323553930336	2.763470100248385e-05	2.763470100248385e-05	0.4814667294193269	0.1465140703229016
212	11	13	59	10	3.034371230836239	0.0127574689748346	2.882101029118212e-05	2.882101029118212e-05	59	9	2.954051314375901	0.0114179903906885	2.5794929950744165e-05	2.5794929950744165e-05	0.3790625941656582	0.119061948593004
213	11	14	59	10	3.034371230836239	0.0127574689748346	2.882101029118212e-05	2.882101029118212e-05	59	11	3.023266364544254	0.0105751777425444	2.3890891457402325e-05	2.3890891457402325e-05	0.283709746968813	0.0894793272319651
214	11	15	59	10	3.034371230836239	0.0127574689748346	2.882101029118212e-05	2.882101029118212e-05	59	12	3.1854324068234128	0.0079258672144569	1.7905706923921133e-05	1.7905706923921133e-05	0.4458757892479719	0.1337825480919729
215	11	16	59	10	3.034371230836239	0.0127574689748346	2.882101029118212e-05	2.882101029118212e-05	59	13	3.3200450100273127	0.007921288195333	1.7895362242107394e-05	1.7895362242107394e-05	0.2856737791910744	0.0860451524989187
216	11	17	59	10	3.034371230836239	0.0127574689748346	2.882101029118212e-05	2.882101029118212e-05	59	11	3.083028271569745	0.0073985635728966	1.6714449966137033e-05	1.6714449966137033e-05	0.3434716539943041	0.1063236352125837
217	11	18	59	10	3.034371230836239	0.0127574689748346	2.882101029118212e-05	2.882101029118212e-05	59	11	3.203862756259968	0.0072952087928484	1.648095622335087e-05	1.648095622335087e-05	0.3340594227889273	0.101656880469299
218	11	19	59	10	3.034371230836239	0.0127574689748346	2.882101029118212e-05	2.882101029118212e-05	59	11	3.10653372831403	0.0068480476035234	1.547075292481454e-05	1.547075292481454e-05	0.3669771107385893	0.1127792749768916
219	11	20	59	10	3.034371230836239	0.0127574689748346	2.882101029118212e-05	2.882101029118212e-05	59	11	3.10653372831403	0.0068480476035234	1.547075292481454e-05	1.547075292481454e-05	0.3669771107385893	0.1127792749768916
220	12	1	59	10	3.0564554496295697	0.0122323553930336	2.763470100248385e-05	2.763470100248385e-05	59	11	3.1387393983121683	0.04722227404793	0.0001066821051254	0.0001066821051254	0.0822839486826003	0.0262156038589402
221	12	2	59	10	3.0564554496295697	0.0122323553930336	2.763470100248385e-05	2.763470100248385e-05	59	10	3.0363352630585	0.0440805751790815	9.958454246556368e-05	9.958454246556368e-05	0.1846880839362681	0.0588414839523098
222	12	3	59	10	3.0564554496295697	0.0122323553930336	2.763470100248385e-05	2.763470100248385e-05	59	10	2.989368059459508	0.0293524171581488	6.631145399254567e-05	6.631145399254567e-05	0.2316552875352604	0.0738051995204925
223	12	4	59	10	3.0564554496295697	0.0122323553930336	2.763470100248385e-05	2.763470100248385e-05	59	9	2.8869639242058405	0.0273990181883945	6.189843665179177e-05	6.189843665179177e-05	0.3340594227889282	0.1064310796138621
224	12	5	59	10	3.0564554496295697	0.0122323553930336	2.763470100248385e-05	2.763470100248385e-05	59	12	3.286146704942567	0.0219864290573953	4.967059683856657e-05	4.967059683856657e-05	0.229691255312999	0.0698968353931153
225	12	6	59	10	3.0564554496295697	0.0122323553930336	2.763470100248385e-05	2.763470100248385e-05	59	11	3.1837425696888983	0.0205245546169348	4.636800614631885e-05	4.636800614631885e-05	0.3320953905666668	0.1010592101889957
226	12	7	59	10	3.0564554496295697	0.0122323553930336	2.763470100248385e-05	2.763470100248385e-05	59	12	3.172637703396914	0.0170133490812956	3.843567324574646e-05	3.843567324574646e-05	0.116182253767346	0.0366200822876657
227	12	8	59	10	3.0564554496295697	0.0122323553930336	2.763470100248385e-05	2.763470100248385e-05	59	10	3.0564554496295693	0.0156684215318895	3.5397282886436986e-05	3.5397282886436986e-05	0.1645678973651998	0.0524312077178802
228	12	9	59	10	3.0564554496295697	0.0122323553930336	2.763470100248385e-05	2.763470100248385e-05	59	9	2.954051314375901	0.014625532461144	3.304124214670978e-05	3.304124214670978e-05	0.2669720326188676	0.0850570878112497
229	12	10	59	10	3.0564554496295697	0.0122323553930336	2.763470100248385e-05	2.763470100248385e-05	59	11	3.136775366089907	0.0136664203198213	3.087446588803434e-05	3.087446588803434e-05	0.3790625941656591	0.1153516955270211
230	12	11	59	10	3.0564554496295697	0.0122323553930336	2.763470100248385e-05	2.763470100248385e-05	59	10	3.034371230836239	0.0127574689748346	2.882101029118212e-05	2.882101029118212e-05	0.4814667294193269	0.1465140703229016
231	12	12	59	10	3.0564554496295697	0.0122323553930336	2.763470100248385e-05	2.763470100248385e-05	59	10	3.0564554496295697	0.0122323553930336	2.763470100248385e-05	2.763470100248385e-05	1.7763568394002505e-15	5.551115123125784e-16
232	12	13	59	10	3.0564554496295697	0.0122323553930336	2.763470100248385e-05	2.763470100248385e-05	59	9	2.954051314375901	0.0114179903906885	2.5794929950744165e-05	2.5794929950744165e-05	0.1024041352536686	0.0335042132762247
233	12	14	59	10	3.0564554496295697	0.0122323553930336	2.763470100248385e-05	2.763470100248385e-05	59	11	3.023266364544254	0.0105751777425444	2.3890891457402325e-05	2.3890891457402325e-05	0.2655535926200061	0.0837012030512277
234	12	15	59	10	3.0564554496295697	0.0122323553930336	2.763470100248385e-05	2.763470100248385e-05	59	12	3.1854324068234128	0.0079258672144569	1.7905706923921133e-05	1.7905706923921133e-05	0.1289769571938457	0.0404896229841726
235	12	16	59	10	3.0564554496295697	0.0122323553930336	2.763470100248385e-05	2.763470100248385e-05	59	13	3.3200450100273127	0.007921288195333	1.7895362242107394e-05	1.7895362242107394e-05	0.2635895603977456	0.0793933695481968
236	12	17	59	10	3.0564554496295697	0.0122323553930336	2.763470100248385e-05	2.763470100248385e-05	59	11	3.083028271569745	0.0073985635728966	1.6714449966137033e-05	1.6714449966137033e-05	0.2313810924475134	0.0726372632964614
237	12	18	59	10	3.0564554496295697	0.0122323553930336	2.763470100248385e-05	2.763470100248385e-05	59	11	3.203862756259968	0.0072952087928484	1.648095622335087e-05	1.648095622335087e-05	0.3119752039955985	0.0949364809326279
238	12	19	59	10	3.0564554496295697	0.0122323553930336	2.763470100248385e-05	2.763470100248385e-05	59	11	3.10653372831403	0.0068480476035234	1.547075292481454e-05	1.547075292481454e-05	0.1822862288502298	0.0574557342791007
239	12	20	59	10	3.0564554496295697	0.0122323553930336	2.763470100248385e-05	2.763470100248385e-05	59	11	3.10653372831403	0.0068480476035234	1.547075292481454e-05	1.547075292481454e-05	0.1822862288502298	0.0574557342791007
240	13	1	59	9	2.954051314375901	0.0114179903906885	2.5794929950744165e-05	2.5794929950744165e-05	59	11	3.1387393983121683	0.04722227404793	0.0001066821051254	0.0001066821051254	0.1846880839362681	0.0588414839523098
241	13	2	59	9	2.954051314375901	0.0114179903906885	2.5794929950744165e-05	2.5794929950744165e-05	59	10	3.0363352630585	0.0440805751790815	9.958454246556368e-05	9.958454246556368e-05	0.0822839486825994	0.0270997572908714
242	13	3	59	9	2.954051314375901	0.0114179903906885	2.5794929950744165e-05	2.5794929950744165e-05	59	10	2.989368059459508	0.0293524171581488	6.631145399254567e-05	6.631145399254567e-05	0.3340594227889273	0.1064310796138618
243	13	4	59	9	2.954051314375901	0.0114179903906885	2.5794929950744165e-05	2.5794929950744165e-05	59	9	2.8869639242058405	0.0273990181883945	6.189843665179177e-05	6.189843665179177e-05	0.2316552875352595	0.0762943705043669
244	13	5	59	9	2.954051314375901	0.0114179903906885	2.5794929950744165e-05	2.5794929950744165e-05	59	12	3.286146704942567	0.0219864290573953	4.967059683856657e-05	4.967059683856657e-05	0.3320953905666668	0.1010592101889957
245	13	6	59	9	2.954051314375901	0.0114179903906885	2.5794929950744165e-05	2.5794929950744165e-05	59	11	3.1837425696888983	0.0205245546169348	4.636800614631885e-05	4.636800614631885e-05	0.2296912553129981	0.0721450463676912
246	13	7	59	9	2.954051314375901	0.0114179903906885	2.5794929950744165e-05	2.5794929950744165e-05	59	12	3.172637703396914	0.0170133490812956	3.843567324574646e-05	3.843567324574646e-05	0.2185863890210138	0.0688973685167314
247	13	8	59	9	2.954051314375901	0.0114179903906885	2.5794929950744165e-05	2.5794929950744165e-05	59	10	3.0564554496295693	0.0156684215318895	3.5397282886436986e-05	3.5397282886436986e-05	0.2669720326188658	0.0850570878112493
248	13	9	59	9	2.954051314375901	0.0114179903906885	2.5794929950744165e-05	2.5794929950744165e-05	59	9	2.954051314375901	0.014625532461144	3.304124214670978e-05	3.304124214670978e-05	0.164567897365198	0.0541995145817424
249	13	10	59	9	2.954051314375901	0.0114179903906885	2.5794929950744165e-05	2.5794929950744165e-05	59	11	3.136775366089907	0.0136664203198213	3.087446588803434e-05	3.087446588803434e-05	0.481466729419326	0.1465140703229014
250	13	11	59	9	2.954051314375901	0.0114179903906885	2.5794929950744165e-05	2.5794929950744165e-05	59	10	3.034371230836239	0.0127574689748346	2.882101029118212e-05	2.882101029118212e-05	0.3790625941656582	0.119061948593004
251	13	12	59	9	2.954051314375901	0.0114179903906885	2.5794929950744165e-05	2.5794929950744165e-05	59	10	3.0564554496295697	0.0122323553930336	2.763470100248385e-05	2.763470100248385e-05	0.1024041352536686	0.0335042132762247
252	13	13	59	9	2.954051314375901	0.0114179903906885	2.5794929950744165e-05	2.5794929950744165e-05	59	9	2.954051314375901	0.0114179903906885	2.5794929950744165e-05	2.5794929950744165e-05	0.0	0.0
253	13	14	59	9	2.954051314375901	0.0114179903906885	2.5794929950744165e-05	2.5794929950744165e-05	59	11	3.023266364544254	0.0105751777425444	2.3890891457402325e-05	2.3890891457402325e-05	0.3679577278736738	0.1159784892802934
254	13	15	59	9	2.954051314375901	0.0114179903906885	2.5794929950744165e-05	2.5794929950744165e-05	59	12	3.1854324068234128	0.0079258672144569	1.7905706923921133e-05	1.7905706923921133e-05	0.2313810924475126	0.0726372632964612
255	13	16	59	9	2.954051314375901	0.0114179903906885	2.5794929950744165e-05	2.5794929950744165e-05	59	13	3.3200450100273127	0.007921288195333	1.7895362242107394e-05	1.7895362242107394e-05	0.3659936956514125	0.1102375704383602
256	13	17	59	9	2.954051314375901	0.0114179903906885	2.5794929950744165e-05	2.5794929950744165e-05	59	11	3.083028271569745	0.0073985635728966	1.6714449966137033e-05	1.6714449966137033e-05	0.1289769571938448	0.0418345035571715
257	13	18	59	9	2.954051314375901	0.0114179903906885	2.5794929950744165e-05	2.5794929950744165e-05	59	11	3.203862756259968	0.0072952087928484	1.648095622335087e-05	1.648095622335087e-05	0.4143793392492645	0.1260988557285079
258	13	19	59	9	2.954051314375901	0.0114179903906885	2.5794929950744165e-05	2.5794929950744165e-05	59	11	3.10653372831403	0.0068480476035234	1.547075292481454e-05	1.547075292481454e-05	0.15248241393813	0.0490844224700837
259	13	20	59	9	2.954051314375901	0.0114179903906885	2.5794929950744165e-05	2.5794929950744165e-05	59	11	3.10653372831403	0.0068480476035234	1.547075292481454e-05	1.547075292481454e-05	0.15248241393813	0.0490844224700837
260	14	1	59	11	3.023266364544254	0.0105751777425444	2.3890891457402325e-05	2.3890891457402325e-05	59	11	3.1387393983121683	0.04722227404793	0.0001066821051254	0.0001066821051254	0.1832696439374066	0.0577657019398027
261	14	2	59	11	3.023266364544254	0.0105751777425444	2.3890891457402325e-05	2.3890891457402325e-05	59	10	3.0363352630585	0.0440805751790815	9.958454246556368e-05	9.958454246556368e-05	0.2856737791910735	0.0900429881688682
262	14	3	59	11	3.023266364544254	0.0105751777425444	2.3890891457402325e-05	2.3890891457402325e-05	59	10	2.989368059459508	0.0293524171581488	6.631145399254567e-05	6.631145399254567e-05	0.0338983050847465	0.0112124771678384
263	14	4	59	11	3.023266364544254	0.0105751777425444	2.3890891457402325e-05	2.3890891457402325e-05	59	9	2.8869639242058405	0.0273990181883945	6.189843665179177e-05	6.189843665179177e-05	0.1363024403384143	0.0450844960063455
264	14	5	59	11	3.023266364544254	0.0105751777425444	2.3890891457402325e-05	2.3890891457402325e-05	59	12	3.286146704942567	0.0219864290573953	4.967059683856657e-05	4.967059683856657e-05	0.3306769505678053	0.0996001408321524
265	14	6	59	11	3.023266364544254	0.0105751777425444	2.3890891457402325e-05	2.3890891457402325e-05	59	11	3.1837425696888983	0.0205245546169348	4.636800614631885e-05	4.636800614631885e-05	0.4330810858214722	0.1304443417223157
266	14	7	59	11	3.023266364544254	0.0105751777425444	2.3890891457402325e-05	2.3890891457402325e-05	59	12	3.172637703396914	0.0170133490812956	3.843567324574646e-05	3.843567324574646e-05	0.1493713388526609	0.0470811207635623
267	14	8	59	11	3.023266364544254	0.0105751777425444	2.3890891457402325e-05	2.3890891457402325e-05	59	10	3.0564554496295693	0.0156684215318895	3.5397282886436986e-05	3.5397282886436986e-05	0.2655535926200052	0.0837012030512275
268	14	9	59	11	3.023266364544254	0.0105751777425444	2.3890891457402325e-05	2.3890891457402325e-05	59	9	2.954051314375901	0.014625532461144	3.304124214670978e-05	3.304124214670978e-05	0.3679577278736738	0.1159784892802934
269	14	10	59	11	3.023266364544254	0.0105751777425444	2.3890891457402325e-05	2.3890891457402325e-05	59	11	3.136775366089907	0.0136664203198213	3.087446588803434e-05	3.087446588803434e-05	0.1813056117151452	0.057182047261261
270	14	11	59	11	3.023266364544254	0.0105751777425444	2.3890891457402325e-05	2.3890891457402325e-05	59	10	3.034371230836239	0.0127574689748346	2.882101029118212e-05	2.882101029118212e-05	0.283709746968813	0.0894793272319651
271	14	12	59	11	3.023266364544254	0.0105751777425444	2.3890891457402325e-05	2.3890891457402325e-05	59	10	3.0564554496295697	0.0122323553930336	2.763470100248385e-05	2.763470100248385e-05	0.2655535926200061	0.0837012030512277
272	14	13	59	11	3.023266364544254	0.0105751777425444	2.3890891457402325e-05	2.3890891457402325e-05	59	9	2.954051314375901	0.0114179903906885	2.5794929950744165e-05	2.5794929950744165e-05	0.3679577278736738	0.1159784892802934
273	14	14	59	11	3.023266364544254	0.0105751777425444	2.3890891457402325e-05	2.3890891457402325e-05	59	11	3.023266364544254	0.0105751777425444	2.3890891457402325e-05	2.3890891457402325e-05	8.881784197001252e-16	3.3306690738754696e-16
274	14	15	59	11	3.023266364544254	0.0105751777425444	2.3890891457402325e-05	2.3890891457402325e-05	59	12	3.1854324068234128	0.0079258672144569	1.7905706923921133e-05	1.7905706923921133e-05	0.2299626524486511	0.0714318201600194
275	14	16	59	11	3.023266364544254	0.0105751777425444	2.3890891457402325e-05	2.3890891457402325e-05	59	13	3.3200450100273127	0.007921288195333	1.7895362242107394e-05	1.7895362242107394e-05	0.2967786454830596	0.0893899463973285
276	14	17	59	11	3.023266364544254	0.0105751777425444	2.3890891457402325e-05	2.3890891457402325e-05	59	11	3.083028271569745	0.0073985635728966	1.6714449966137033e-05	1.6714449966137033e-05	0.3323667877023188	0.103240958275243
277	14	18	59	11	3.023266364544254	0.0105751777425444	2.3890891457402325e-05	2.3890891457402325e-05	59	11	3.203862756259968	0.0072952087928484	1.648095622335087e-05	1.648095622335087e-05	0.4129608992504039	0.1243841267221274
278	14	19	59	11	3.023266364544254	0.0105751777425444	2.3890891457402325e-05	2.3890891457402325e-05	59	11	3.10653372831403	0.0068480476035234	1.547075292481454e-05	1.547075292481454e-05	0.2154753139355438	0.067916772754997
279	14	20	59	11	3.023266364544254	0.0105751777425444	2.3890891457402325e-05	2.3890891457402325e-05	59	11	3.10653372831403	0.0068480476035234	1.547075292481454e-05	1.547075292481454e-05	0.2154753139355438	0.067916772754997
280	15	1	59	12	3.1854324068234128	0.0079258672144569	1.7905706923921133e-05	1.7905706923921133e-05	59	11	3.1387393983121683	0.04722227404793	0.0001066821051254	0.0001066821051254	0.0466930085112462	0.0146582951850513
281	15	2	59	12	3.1854324068234128	0.0079258672144569	1.7905706923921133e-05	1.7905706923921133e-05	59	10	3.0363352630585	0.0440805751790815	9.958454246556368e-05	9.958454246556368e-05	0.1490971437649131	0.04680593549734
282	15	3	59	12	3.1854324068234128	0.0079258672144569	1.7905706923921133e-05	1.7905706923921133e-05	59	10	2.989368059459508	0.0293524171581488	6.631145399254567e-05	6.631145399254567e-05	0.1960643473639054	0.0615503085056591
283	15	4	59	12	3.1854324068234128	0.0079258672144569	1.7905706923921133e-05	1.7905706923921133e-05	59	9	2.8869639242058405	0.0273990181883945	6.189843665179177e-05	6.189843665179177e-05	0.2984684826175732	0.093697948817948
284	15	5	59	12	3.1854324068234128	0.0079258672144569	1.7905706923921133e-05	1.7905706923921133e-05	59	12	3.286146704942567	0.0219864290573953	4.967059683856657e-05	4.967059683856657e-05	0.1941003151416449	0.0582387188793125
285	15	6	59	12	3.1854324068234128	0.0079258672144569	1.7905706923921133e-05	1.7905706923921133e-05	59	11	3.1837425696888983	0.0205245546169348	4.636800614631885e-05	4.636800614631885e-05	0.2965044503953118	0.0889645095137339
286	15	7	59	12	3.1854324068234128	0.0079258672144569	1.7905706923921133e-05	1.7905706923921133e-05	59	12	3.172637703396914	0.0170133490812956	3.843567324574646e-05	3.843567324574646e-05	0.0805913135959919	0.0250335615716298
287	15	8	59	12	3.1854324068234128	0.0079258672144569	1.7905706923921133e-05	1.7905706923921133e-05	59	10	3.0564554496295693	0.0156684215318895	3.5397282886436986e-05	3.5397282886436986e-05	0.1289769571938448	0.0404896229841723
288	15	9	59	12	3.1854324068234128	0.0079258672144569	1.7905706923921133e-05	1.7905706923921133e-05	59	9	2.954051314375901	0.014625532461144	3.304124214670978e-05	3.304124214670978e-05	0.2313810924475126	0.0726372632964612
289	15	10	59	12	3.1854324068234128	0.0079258672144569	1.7905706923921133e-05	1.7905706923921133e-05	59	11	3.136775366089907	0.0136664203198213	3.087446588803434e-05	3.087446588803434e-05	0.3434716539943041	0.1030567574575512
290	15	11	59	12	3.1854324068234128	0.0079258672144569	1.7905706923921133e-05	1.7905706923921133e-05	59	10	3.034371230836239	0.0127574689748346	2.882101029118212e-05	2.882101029118212e-05	0.4458757892479719	0.1337825480919729
291	15	12	59	12	3.1854324068234128	0.0079258672144569	1.7905706923921133e-05	1.7905706923921133e-05	59	10	3.0564554496295697	0.0122323553930336	2.763470100248385e-05	2.763470100248385e-05	0.1289769571938457	0.0404896229841726
292	15	13	59	12	3.1854324068234128	0.0079258672144569	1.7905706923921133e-05	1.7905706923921133e-05	59	9	2.954051314375901	0.0114179903906885	2.5794929950744165e-05	2.5794929950744165e-05	0.2313810924475126	0.0726372632964612
293	15	14	59	12	3.1854324068234128	0.0079258672144569	1.7905706923921133e-05	1.7905706923921133e-05	59	11	3.023266364544254	0.0105751777425444	2.3890891457402325e-05	2.3890891457402325e-05	0.2299626524486511	0.0714318201600194
294	15	15	59	12	3.1854324068234128	0.0079258672144569	1.7905706923921133e-05	1.7905706923921133e-05	59	12	3.1854324068234128	0.0079258672144569	1.7905706923921133e-05	1.7905706923921133e-05	0.0	0.0
295	15	16	59	12	3.1854324068234128	0.0079258672144569	1.7905706923921133e-05	1.7905706923921133e-05	59	13	3.3200450100273127	0.007921288195333	1.7895362242107394e-05	1.7895362242107394e-05	0.2279986202263906	0.0677209271915255
296	15	17	59	12	3.1854324068234128	0.0079258672144569	1.7905706923921133e-05	1.7905706923921133e-05	59	11	3.083028271569745	0.0073985635728966	1.6714449966137033e-05	1.6714449966137033e-05	0.1024041352536686	0.0321476403122891
297	15	18	59	12	3.1854324068234128	0.0079258672144569	1.7905706923921133e-05	1.7905706923921133e-05	59	11	3.203862756259968	0.0072952087928484	1.648095622335087e-05	1.648095622335087e-05	0.2763842638242426	0.0829275595548597
298	15	19	59	12	3.1854324068234128	0.0079258672144569	1.7905706923921133e-05	1.7905706923921133e-05	59	11	3.10653372831403	0.0068480476035234	1.547075292481454e-05	1.547075292481454e-05	0.1466952886788748	0.0455670143288652
299	15	20	59	12	3.1854324068234128	0.0079258672144569	1.7905706923921133e-05	1.7905706923921133e-05	59	11	3.10653372831403	0.0068480476035234	1.547075292481454e-05	1.547075292481454e-05	0.1466952886788748	0.0455670143288652
300	16	1	59	13	3.3200450100273127	0.007921288195333	1.7895362242107394e-05	1.7895362242107394e-05	59	11	3.1387393983121683	0.04722227404793	0.0001066821051254	0.0001066821051254	0.1813056117151461	0.0546093836582217
301	16	2	59	13	3.3200450100273127	0.007921288195333	1.7895362242107394e-05	1.7895362242107394e-05	59	10	3.0363352630585	0.0440805751790815	9.958454246556368e-05	9.958454246556368e-05	0.283709746968813	0.0854535845483851
302	16	3	59	13	3.3200450100273127	0.007921288195333	1.7895362242107394e-05	1.7895362242107394e-05	59	10	2.989368059459508	0.0293524171581488	6.631145399254567e-05	6.631145399254567e-05	0.3306769505678053	0.0996001408321524
303	16	4	59	13	3.3200450100273127	0.007921288195333	1.7895362242107394e-05	1.7895362242107394e-05	59	9	2.8869639242058405	0.0273990181883945	6.189843665179177e-05	6.189843665179177e-05	0.4330810858214731	0.1304443417223161
304	16	5	59	13	3.3200450100273127	0.007921288195333	1.7895362242107394e-05	1.7895362242107394e-05	59	12	3.286146704942567	0.0219864290573953	4.967059683856657e-05	4.967059683856657e-05	0.0338983050847465	0.0102101944348241
305	16	6	59	13	3.3200450100273127	0.007921288195333	1.7895362242107394e-05	1.7895362242107394e-05	59	11	3.1837425696888983	0.0205245546169348	4.636800614631885e-05	4.636800614631885e-05	0.1363024403384143	0.0410543953249877
306	16	7	59	13	3.3200450100273127	0.007921288195333	1.7895362242107394e-05	1.7895362242107394e-05	59	12	3.172637703396914	0.0170133490812956	3.843567324574646e-05	3.843567324574646e-05	0.1474073066303995	0.0443991892233975
307	16	8	59	13	3.3200450100273127	0.007921288195333	1.7895362242107394e-05	1.7895362242107394e-05	59	10	3.0564554496295693	0.0156684215318895	3.5397282886436986e-05	3.5397282886436986e-05	0.2635895603977447	0.0793933695481966
308	16	9	59	13	3.3200450100273127	0.007921288195333	1.7895362242107394e-05	1.7895362242107394e-05	59	9	2.954051314375901	0.014625532461144	3.304124214670978e-05	3.304124214670978e-05	0.3659936956514125	0.1102375704383602
309	16	10	59	13	3.3200450100273127	0.007921288195333	1.7895362242107394e-05	1.7895362242107394e-05	59	11	3.136775366089907	0.0136664203198213	3.087446588803434e-05	3.087446588803434e-05	0.1832696439374066	0.0552009516087551
310	16	11	59	13	3.3200450100273127	0.007921288195333	1.7895362242107394e-05	1.7895362242107394e-05	59	10	3.034371230836239	0.0127574689748346	2.882101029118212e-05	2.882101029118212e-05	0.2856737791910744	0.0860451524989187
311	16	12	59	13	3.3200450100273127	0.007921288195333	1.7895362242107394e-05	1.7895362242107394e-05	59	10	3.0564554496295697	0.0122323553930336	2.763470100248385e-05	2.763470100248385e-05	0.2635895603977456	0.0793933695481968
312	16	13	59	13	3.3200450100273127	0.007921288195333	1.7895362242107394e-05	1.7895362242107394e-05	59	9	2.954051314375901	0.0114179903906885	2.5794929950744165e-05	2.5794929950744165e-05	0.3659936956514125	0.1102375704383602
313	16	14	59	13	3.3200450100273127	0.007921288195333	1.7895362242107394e-05	1.7895362242107394e-05	59	11	3.023266364544254	0.0105751777425444	2.3890891457402325e-05	2.3890891457402325e-05	0.2967786454830596	0.0893899463973285
314	16	15	59	13	3.3200450100273127	0.007921288195333	1.7895362242107394e-05	1.7895362242107394e-05	59	12	3.1854324068234128	0.0079258672144569	1.7905706923921133e-05	1.7905706923921133e-05	0.2279986202263906	0.0677209271915255
315	16	16	59	13	3.3200450100273127	0.007921288195333	1.7895362242107394e-05	1.7895362242107394e-05	59	13	3.3200450100273127	0.007921288195333	1.7895362242107394e-05	1.7895362242107394e-05	8.881784197001252e-16	2.220446049250313e-16
316	16	17	59	13	3.3200450100273127	0.007921288195333	1.7895362242107394e-05	1.7895362242107394e-05	59	11	3.083028271569745	0.0073985635728966	1.6714449966137033e-05	1.6714449966137033e-05	0.3304027554800584	0.0981373524345325
317	16	18	59	13	3.3200450100273127	0.007921288195333	1.7895362242107394e-05	1.7895362242107394e-05	59	11	3.203862756259968	0.0072952087928484	1.648095622335087e-05	1.648095622335087e-05	0.1161822537673451	0.034994180324799
318	16	19	59	13	3.3200450100273127	0.007921288195333	1.7895362242107394e-05	1.7895362242107394e-05	59	11	3.10653372831403	0.0068480476035234	1.547075292481454e-05	1.547075292481454e-05	0.2135112817132833	0.064309755159472
319	16	20	59	13	3.3200450100273127	0.007921288195333	1.7895362242107394e-05	1.7895362242107394e-05	59	11	3.10653372831403	0.0068480476035234	1.547075292481454e-05	1.547075292481454e-05	0.2135112817132833	0.064309755159472
320	17	1	59	11	3.083028271569745	0.0073985635728966	1.6714449966137033e-05	1.6714449966137033e-05	59	11	3.1387393983121683	0.04722227404793	0.0001066821051254	0.0001066821051254	0.149097143764914	0.0468059354973402
321	17	2	59	11	3.083028271569745	0.0073985635728966	1.6714449966137033e-05	1.6714449966137033e-05	59	10	3.0363352630585	0.0440805751790815	9.958454246556368e-05	9.958454246556368e-05	0.0466930085112453	0.0151451768839834
322	17	3	59	11	3.083028271569745	0.0073985635728966	1.6714449966137033e-05	1.6714449966137033e-05	59	10	2.989368059459508	0.0293524171581488	6.631145399254567e-05	6.631145399254567e-05	0.2984684826175732	0.093697948817948
323	17	4	59	11	3.083028271569745	0.0073985635728966	1.6714449966137033e-05	1.6714449966137033e-05	59	9	2.8869639242058405	0.0273990181883945	6.189843665179177e-05	6.189843665179177e-05	0.1960643473639054	0.0635947289786214
324	17	5	59	11	3.083028271569745	0.0073985635728966	1.6714449966137033e-05	1.6714449966137033e-05	59	12	3.286146704942567	0.0219864290573953	4.967059683856657e-05	4.967059683856657e-05	0.2965044503953127	0.0889645095137341
325	17	6	59	11	3.083028271569745	0.0073985635728966	1.6714449966137033e-05	1.6714449966137033e-05	59	11	3.1837425696888983	0.0205245546169348	4.636800614631885e-05	4.636800614631885e-05	0.194100315141644	0.0600848741425106
326	17	7	59	11	3.083028271569745	0.0073985635728966	1.6714449966137033e-05	1.6714449966137033e-05	59	12	3.172637703396914	0.0170133490812956	3.843567324574646e-05	3.843567324574646e-05	0.1829954488496596	0.0568426996868535
327	17	8	59	11	3.083028271569745	0.0073985635728966	1.6714449966137033e-05	1.6714449966137033e-05	59	10	3.0564554496295693	0.0156684215318895	3.5397282886436986e-05	3.5397282886436986e-05	0.2313810924475126	0.0726372632964612
328	17	9	59	11	3.083028271569745	0.0073985635728966	1.6714449966137033e-05	1.6714449966137033e-05	59	9	2.954051314375901	0.014625532461144	3.304124214670978e-05	3.304124214670978e-05	0.1289769571938448	0.0418345035571715
329	17	10	59	11	3.083028271569745	0.0073985635728966	1.6714449966137033e-05	1.6714449966137033e-05	59	11	3.136775366089907	0.0136664203198213	3.087446588803434e-05	3.087446588803434e-05	0.4458757892479719	0.1337825480919729
330	17	11	59	11	3.083028271569745	0.0073985635728966	1.6714449966137033e-05	1.6714449966137033e-05	59	10	3.034371230836239	0.0127574689748346	2.882101029118212e-05	2.882101029118212e-05	0.3434716539943041	0.1063236352125837
331	17	12	59	11	3.083028271569745	0.0073985635728966	1.6714449966137033e-05	1.6714449966137033e-05	59	10	3.0564554496295697	0.0122323553930336	2.763470100248385e-05	2.763470100248385e-05	0.2313810924475134	0.0726372632964614
332	17	13	59	11	3.083028271569745	0.0073985635728966	1.6714449966137033e-05	1.6714449966137033e-05	59	9	2.954051314375901	0.0114179903906885	2.5794929950744165e-05	2.5794929950744165e-05	0.1289769571938448	0.0418345035571715
333	17	14	59	11	3.083028271569745	0.0073985635728966	1.6714449966137033e-05	1.6714449966137033e-05	59	11	3.023266364544254	0.0105751777425444	2.3890891457402325e-05	2.3890891457402325e-05	0.3323667877023188	0.103240958275243
334	17	15	59	11	3.083028271569745	0.0073985635728966	1.6714449966137033e-05	1.6714449966137033e-05	59	12	3.1854324068234128	0.0079258672144569	1.7905706923921133e-05	1.7905706923921133e-05	0.1024041352536686	0.0321476403122891
335	17	16	59	11	3.083028271569745	0.0073985635728966	1.6714449966137033e-05	1.6714449966137033e-05	59	13	3.3200450100273127	0.007921288195333	1.7895362242107394e-05	1.7895362242107394e-05	0.3304027554800584	0.0981373524345325
336	17	17	59	11	3.083028271569745	0.0073985635728966	1.6714449966137033e-05	1.6714449966137033e-05	59	11	3.083028271569745	0.0073985635728966	1.6714449966137033e-05	1.6714449966137033e-05	8.881784197001252e-16	3.3306690738754696e-16
337	17	18	59	11	3.083028271569745	0.0073985635728966	1.6714449966137033e-05	1.6714449966137033e-05	59	11	3.203862756259968	0.0072952087928484	1.648095622335087e-05	1.648095622335087e-05	0.3787883990779113	0.1136533501892816
338	17	19	59	11	3.083028271569745	0.0073985635728966	1.6714449966137033e-05	1.6714449966137033e-05	59	11	3.10653372831403	0.0068480476035234	1.547075292481454e-05	1.547075292481454e-05	0.1168914737667758	0.0370704308705894
339	17	20	59	11	3.083028271569745	0.0073985635728966	1.6714449966137033e-05	1.6714449966137033e-05	59	11	3.10653372831403	0.0068480476035234	1.547075292481454e-05	1.547075292481454e-05	0.1168914737667758	0.0370704308705894
340	18	1	59	11	3.203862756259968	0.0072952087928484	1.648095622335087e-05	1.648095622335087e-05	59	11	3.1387393983121683	0.04722227404793	0.0001066821051254	0.0001066821051254	0.2296912553129981	0.069896835393115
341	18	2	59	11	3.203862756259968	0.0072952087928484	1.648095622335087e-05	1.648095622335087e-05	59	10	3.0363352630585	0.0440805751790815	9.958454246556368e-05	9.958454246556368e-05	0.3320953905666668	0.1010592101889957
342	18	3	59	11	3.203862756259968	0.0072952087928484	1.648095622335087e-05	1.648095622335087e-05	59	10	2.989368059459508	0.0293524171581488	6.631145399254567e-05	6.631145399254567e-05	0.3790625941656582	0.1153516955270209
343	18	4	59	11	3.203862756259968	0.0072952087928484	1.648095622335087e-05	1.648095622335087e-05	59	9	2.8869639242058405	0.0273990181883945	6.189843665179177e-05	6.189843665179177e-05	0.481466729419326	0.1465140703229014
344	18	5	59	11	3.203862756259968	0.0072952087928484	1.648095622335087e-05	1.648095622335087e-05	59	12	3.286146704942567	0.0219864290573953	4.967059683856657e-05	4.967059683856657e-05	0.0822839486825994	0.0250396455395126
345	18	6	59	11	3.203862756259968	0.0072952087928484	1.648095622335087e-05	1.648095622335087e-05	59	11	3.1837425696888983	0.0205245546169348	4.636800614631885e-05	4.636800614631885e-05	0.1846880839362672	0.0562020203353931
346	18	7	59	11	3.203862756259968	0.0072952087928484	1.648095622335087e-05	1.648095622335087e-05	59	12	3.172637703396914	0.0170133490812956	3.843567324574646e-05	3.843567324574646e-05	0.2635895603977438	0.0793933695481964
347	18	8	59	11	3.203862756259968	0.0072952087928484	1.648095622335087e-05	1.648095622335087e-05	59	10	3.0564554496295693	0.0156684215318895	3.5397282886436986e-05	3.5397282886436986e-05	0.1474073066303995	0.0460092450409691
348	18	9	59	11	3.203862756259968	0.0072952087928484	1.648095622335087e-05	1.648095622335087e-05	59	9	2.954051314375901	0.014625532461144	3.304124214670978e-05	3.304124214670978e-05	0.2498114418840673	0.0779719547586629
349	18	10	59	11	3.203862756259968	0.0072952087928484	1.648095622335087e-05	1.648095622335087e-05	59	11	3.136775366089907	0.0136664203198213	3.087446588803434e-05	3.087446588803434e-05	0.2316552875352595	0.0704945056734185
350	18	11	59	11	3.203862756259968	0.0072952087928484	1.648095622335087e-05	1.648095622335087e-05	59	10	3.034371230836239	0.0127574689748346	2.882101029118212e-05	2.882101029118212e-05	0.3340594227889273	0.101656880469299
351	18	12	59	11	3.203862756259968	0.0072952087928484	1.648095622335087e-05	1.648095622335087e-05	59	10	3.0564554496295697	0.0122323553930336	2.763470100248385e-05	2.763470100248385e-05	0.3119752039955985	0.0949364809326279
352	18	13	59	11	3.203862756259968	0.0072952087928484	1.648095622335087e-05	1.648095622335087e-05	59	9	2.954051314375901	0.0114179903906885	2.5794929950744165e-05	2.5794929950744165e-05	0.4143793392492645	0.1260988557285079
353	18	14	59	11	3.203862756259968	0.0072952087928484	1.648095622335087e-05	1.648095622335087e-05	59	11	3.023266364544254	0.0105751777425444	2.3890891457402325e-05	2.3890891457402325e-05	0.4129608992504039	0.1243841267221274
354	18	15	59	11	3.203862756259968	0.0072952087928484	1.648095622335087e-05	1.648095622335087e-05	59	12	3.1854324068234128	0.0079258672144569	1.7905706923921133e-05	1.7905706923921133e-05	0.2763842638242426	0.0829275595548597
355	18	16	59	11	3.203862756259968	0.0072952087928484	1.648095622335087e-05	1.648095622335087e-05	59	13	3.3200450100273127	0.007921288195333	1.7895362242107394e-05	1.7895362242107394e-05	0.1161822537673451	0.034994180324799
356	18	17	59	11	3.203862756259968	0.0072952087928484	1.648095622335087e-05	1.648095622335087e-05	59	11	3.083028271569745	0.0073985635728966	1.6714449966137033e-05	1.6714449966137033e-05	0.3787883990779113	0.1136533501892816
357	18	18	59	11	3.203862756259968	0.0072952087928484	1.648095622335087e-05	1.648095622335087e-05	59	11	3.203862756259968	0.0072952087928484	1.648095622335087e-05	1.648095622335087e-05	0.0	0.0
358	18	19	59	11	3.203862756259968	0.0072952087928484	1.648095622335087e-05	1.648095622335087e-05	59	11	3.10653372831403	0.0068480476035234	1.547075292481454e-05	1.547075292481454e-05	0.3296935354806276	0.0993039354842708
359	18	20	59	11	3.203862756259968	0.0072952087928484	1.648095622335087e-05	1.648095622335087e-05	59	11	3.10653372831403	0.0068480476035234	1.547075292481454e-05	1.547075292481454e-05	0.3296935354806276	0.0993039354842708
360	19	1	59	11	3.10653372831403	0.0068480476035234	1.547075292481454e-05	1.547075292481454e-05	59	11	3.1387393983121683	0.04722227404793	0.0001066821051254	0.0001066821051254	0.1000022801676303	0.0315202331676758
361	19	2	59	11	3.10653372831403	0.0068480476035234	1.547075292481454e-05	1.547075292481454e-05	59	10	3.0363352630585	0.0440805751790815	9.958454246556368e-05	9.958454246556368e-05	0.0701984652555305	0.0225970394641839
362	19	3	59	11	3.10653372831403	0.0068480476035234	1.547075292481454e-05	1.547075292481454e-05	59	10	2.989368059459508	0.0293524171581488	6.631145399254567e-05	6.631145399254567e-05	0.2493736190202895	0.0786013539312375
363	19	4	59	11	3.10653372831403	0.0068480476035234	1.547075292481454e-05	1.547075292481454e-05	59	9	2.8869639242058405	0.0273990181883945	6.189843665179177e-05	6.189843665179177e-05	0.2195698041081906	0.0706800000614688
364	19	5	59	11	3.10653372831403	0.0068480476035234	1.547075292481454e-05	1.547075292481454e-05	59	12	3.286146704942567	0.0219864290573953	4.967059683856657e-05	4.967059683856657e-05	0.247409586798029	0.0745199495942958
365	19	6	59	11	3.10653372831403	0.0068480476035234	1.547075292481454e-05	1.547075292481454e-05	59	11	3.1837425696888983	0.0205245546169348	4.636800614631885e-05	4.636800614631885e-05	0.2176057718859292	0.0668745283178265
366	19	7	59	11	3.10653372831403	0.0068480476035234	1.547075292481454e-05	1.547075292481454e-05	59	12	3.172637703396914	0.0170133490812956	3.843567324574646e-05	3.843567324574646e-05	0.0661039750828837	0.020835651991435
367	19	8	59	11	3.10653372831403	0.0068480476035234	1.547075292481454e-05	1.547075292481454e-05	59	10	3.0564554496295693	0.0156684215318895	3.5397282886436986e-05	3.5397282886436986e-05	0.1822862288502289	0.0574557342791005
368	19	9	59	11	3.10653372831403	0.0068480476035234	1.547075292481454e-05	1.547075292481454e-05	59	9	2.954051314375901	0.014625532461144	3.304124214670978e-05	3.304124214670978e-05	0.15248241393813	0.0490844224700837
369	19	10	59	11	3.10653372831403	0.0068480476035234	1.547075292481454e-05	1.547075292481454e-05	59	11	3.136775366089907	0.0136664203198213	3.087446588803434e-05	3.087446588803434e-05	0.3967809256506891	0.1195107067682268
370	19	11	59	11	3.10653372831403	0.0068480476035234	1.547075292481454e-05	1.547075292481454e-05	59	10	3.034371230836239	0.0127574689748346	2.882101029118212e-05	2.882101029118212e-05	0.3669771107385893	0.1127792749768916
371	19	12	59	11	3.10653372831403	0.0068480476035234	1.547075292481454e-05	1.547075292481454e-05	59	10	3.0564554496295697	0.0122323553930336	2.763470100248385e-05	2.763470100248385e-05	0.1822862288502298	0.0574557342791007
372	19	13	59	11	3.10653372831403	0.0068480476035234	1.547075292481454e-05	1.547075292481454e-05	59	9	2.954051314375901	0.0114179903906885	2.5794929950744165e-05	2.5794929950744165e-05	0.15248241393813	0.0490844224700837
373	19	14	59	11	3.10653372831403	0.0068480476035234	1.547075292481454e-05	1.547075292481454e-05	59	11	3.023266364544254	0.0105751777425444	2.3890891457402325e-05	2.3890891457402325e-05	0.2154753139355438	0.067916772754997
374	19	15	59	11	3.10653372831403	0.0068480476035234	1.547075292481454e-05	1.547075292481454e-05	59	12	3.1854324068234128	0.0079258672144569	1.7905706923921133e-05	1.7905706923921133e-05	0.1466952886788748	0.0455670143288652
375	19	16	59	11	3.10653372831403	0.0068480476035234	1.547075292481454e-05	1.547075292481454e-05	59	13	3.3200450100273127	0.007921288195333	1.7895362242107394e-05	1.7895362242107394e-05	0.2135112817132833	0.064309755159472
376	19	17	59	11	3.10653372831403	0.0068480476035234	1.547075292481454e-05	1.547075292481454e-05	59	11	3.083028271569745	0.0073985635728966	1.6714449966137033e-05	1.6714449966137033e-05	0.1168914737667758	0.0370704308705894
377	19	18	59	11	3.10653372831403	0.0068480476035234	1.547075292481454e-05	1.547075292481454e-05	59	11	3.203862756259968	0.0072952087928484	1.648095622335087e-05	1.648095622335087e-05	0.3296935354806276	0.0993039354842708
378	19	19	59	11	3.10653372831403	0.0068480476035234	1.547075292481454e-05	1.547075292481454e-05	59	11	3.10653372831403	0.0068480476035234	1.547075292481454e-05	1.547075292481454e-05	8.881784197001252e-16	3.3306690738754696e-16
379	19	20	59	11	3.10653372831403	0.0068480476035234	1.547075292481454e-05	1.547075292481454e-05	59	11	3.10653372831403	0.0068480476035234	1.547075292481454e-05	1.547075292481454e-05	0.1322079501657675	0.0416713039828701
380	20	1	59	11	3.10653372831403	0.0068480476035234	1.547075292481454e-05	1.547075292481454e-05	59	11	3.1387393983121683	0.04722227404793	0.0001066821051254	0.0001066821051254	0.1000022801676303	0.0315202331676758
381	20	2	59	11	3.10653372831403	0.0068480476035234	1.547075292481454e-05	1.547075292481454e-05	59	10	3.0363352630585	0.0440805751790815	9.958454246556368e-05	9.958454246556368e-05	0.0701984652555305	0.0225970394641839
382	20	3	59	11	3.10653372831403	0.0068480476035234	1.547075292481454e-05	1.547075292481454e-05	59	10	2.989368059459508	0.0293524171581488	6.631145399254567e-05	6.631145399254567e-05	0.2493736190202895	0.0786013539312375
383	20	4	59	11	3.10653372831403	0.0068480476035234	1.547075292481454e-05	1.547075292481454e-05	59	9	2.8869639242058405	0.0273990181883945	6.189843665179177e-05	6.189843665179177e-05	0.2195698041081906	0.0706800000614688
384	20	5	59	11	3.10653372831403	0.0068480476035234	1.547075292481454e-05	1.547075292481454e-05	59	12	3.286146704942567	0.0219864290573953	4.967059683856657e-05	4.967059683856657e-05	0.247409586798029	0.0745199495942958
385	20	6	59	11	3.10653372831403	0.0068480476035234	1.547075292481454e-05	1.547075292481454e-05	59	11	3.1837425696888983	0.0205245546169348	4.636800614631885e-05	4.636800614631885e-05	0.2176057718859292	0.0668745283178265
386	20	7	59	11	3.10653372831403	0.0068480476035234	1.547075292481454e-05	1.547075292481454e-05	59	12	3.172637703396914	0.0170133490812956	3.843567324574646e-05	3.843567324574646e-05	0.0661039750828837	0.020835651991435
387	20	8	59	11	3.10653372831403	0.0068480476035234	1.547075292481454e-05	1.547075292481454e-05	59	10	3.0564554496295693	0.0156684215318895	3.5397282886436986e-05	3.5397282886436986e-05	0.1822862288502289	0.0574557342791005
388	20	9	59	11	3.10653372831403	0.0068480476035234	1.547075292481454e-05	1.547075292481454e-05	59	9	2.954051314375901	0.014625532461144	3.304124214670978e-05	3.304124214670978e-05	0.15248241393813	0.0490844224700837
389	20	10	59	11	3.10653372831403	0.0068480476035234	1.547075292481454e-05	1.547075292481454e-05	59	11	3.136775366089907	0.0136664203198213	3.087446588803434e-05	3.087446588803434e-05	0.3967809256506891	0.1195107067682268
390	20	11	59	11	3.10653372831403	0.0068480476035234	1.547075292481454e-05	1.547075292481454e-05	59	10	3.034371230836239	0.0127574689748346	2.882101029118212e-05	2.882101029118212e-05	0.3669771107385893	0.1127792749768916
391	20	12	59	11	3.10653372831403	0.0068480476035234	1.547075292481454e-05	1.547075292481454e-05	59	10	3.0564554496295697	0.0122323553930336	2.763470100248385e-05	2.763470100248385e-05	0.1822862288502298	0.0574557342791007
392	20	13	59	11	3.10653372831403	0.0068480476035234	1.547075292481454e-05	1.547075292481454e-05	59	9	2.954051314375901	0.0114179903906885	2.5794929950744165e-05	2.5794929950744165e-05	0.15248241393813	0.0490844224700837
393	20	14	59	11	3.10653372831403	0.0068480476035234	1.547075292481454e-05	1.547075292481454e-05	59	11	3.023266364544254	0.0105751777425444	2.3890891457402325e-05	2.3890891457402325e-05	0.2154753139355438	0.067916772754997
394	20	15	59	11	3.10653372831403	0.0068480476035234	1.547075292481454e-05	1.547075292481454e-05	59	12	3.1854324068234128	0.0079258672144569	1.7905706923921133e-05	1.7905706923921133e-05	0.1466952886788748	0.0455670143288652
395	20	16	59	11	3.10653372831403	0.0068480476035234	1.547075292481454e-05	1.547075292481454e-05	59	13	3.3200450100273127	0.007921288195333	1.7895362242107394e-05	1.7895362242107394e-05	0.2135112817132833	0.064309755159472
396	20	17	59	11	3.10653372831403	0.0068480476035234	1.547075292481454e-05	1.547075292481454e-05	59	11	3.083028271569745	0.0073985635728966	1.6714449966137033e-05	1.6714449966137033e-05	0.1168914737667758	0.0370704308705894
397	20	18	59	11	3.10653372831403	0.0068480476035234	1.547075292481454e-05	1.547075292481454e-05	59	11	3.203862756259968	0.0072952087928484	1.648095622335087e-05	1.648095622335087e-05	0.3296935354806276	0.0993039354842708
398	20	19	59	11	3.10653372831403	0.0068480476035234	1.547075292481454e-05	1.547075292481454e-05	59	11	3.10653372831403	0.0068480476035234	1.547075292481454e-05	1.547075292481454e-05	0.1322079501657675	0.0416713039828701
399	20	20	59	11	3.10653372831403	0.0068480476035234	1.547075292481454e-05	1.547075292481454e-05	59	11	3.10653372831403	0.0068480476035234	1.547075292481454e-05	1.547075292481454e-05	8.881784197001252e-16	3.3306690738754696e-16
